model,fold,seed,image,y_true,y_prob,y_pred
vgg13_paper,0,42,100Cx40_bad.png,0.0,0.9628638029098511,1
vgg13_paper,0,42,102Yx40_good.png,1.0,0.9231871962547302,1
vgg13_paper,0,42,107Ux40_good.png,1.0,0.7063510417938232,1
vgg13_paper,0,42,108Ax40_good.png,1.0,0.6752017736434937,1
vgg13_paper,0,42,108Fx40_good.png,1.0,0.6752517819404602,1
vgg13_paper,0,42,15up2x40_good.png,1.0,0.6876747608184814,1
vgg13_paper,0,42,16Ax40_good.png,1.0,0.9824565649032593,1
vgg13_paper,0,42,20Dx40_bad.png,0.0,0.9219740629196167,1
vgg13_paper,0,42,25Ax40_good.png,1.0,0.7954028248786926,1
vgg13_paper,0,42,25Cx40_good.png,1.0,0.7724339962005615,1
vgg13_paper,0,42,26Cx40_bad.png,0.0,0.4143235385417938,0
vgg13_paper,0,42,31Ax40_good.png,1.0,0.5131949782371521,1
vgg13_paper,0,42,31Ex40_good.png,1.0,0.5206100344657898,1
vgg13_paper,0,42,32Bx40_bad.png,0.0,0.04589594900608063,0
vgg13_paper,0,42,32Cx40_bad.png,0.0,0.07031191140413284,0
vgg13_paper,0,42,32Fx40_bad.png,0.0,0.29363593459129333,0
vgg13_paper,0,42,39down5x40_bad.png,0.0,0.6156988739967346,1
vgg13_paper,0,42,39up1x40_bad.png,0.0,0.9624528288841248,1
vgg13_paper,0,42,41Cx40_good.png,1.0,0.669970691204071,1
vgg13_paper,0,42,44Ex40_bad.png,0.0,0.47421085834503174,0
vgg13_paper,0,42,44Jx40_bad.png,0.0,0.3561092019081116,0
vgg13_paper,0,42,47Bx40_bad.png,0.0,0.6261139512062073,1
vgg13_paper,0,42,48Bx40_bad.png,0.0,0.8492230176925659,1
vgg13_paper,0,42,48Ex40_bad.png,0.0,0.6434488892555237,1
vgg13_paper,0,42,4x40a_good.png,1.0,0.9222002029418945,1
vgg13_paper,0,42,5x40c_good.png,1.0,0.8579792976379395,1
vgg13_paper,0,42,64Cx40_good.png,1.0,0.9965399503707886,1
vgg13_paper,0,42,65Bx40_good.png,1.0,0.9360905885696411,1
vgg13_paper,0,42,66Fx40_good.png,1.0,0.5714640617370605,1
vgg13_paper,0,42,68Bx40_good.png,1.0,0.9471997022628784,1
vgg13_paper,0,42,74Ex40_bad.png,0.0,0.8027448058128357,1
vgg13_paper,0,42,75Fx40_bad.png,0.0,0.9202242493629456,1
vgg13_paper,0,42,78x40_good.png,1.0,0.9840391278266907,1
vgg13_paper,0,42,82Cx40_bad.png,0.0,0.6155555248260498,1
vgg13_paper,0,42,83Cx40_bad.png,0.0,0.8594087362289429,1
vgg13_paper,0,42,83Dx40_bad.png,0.0,0.9219661951065063,1
vgg13_paper,0,42,84Ax40_bad.png,0.0,0.9518145322799683,1
vgg13_paper,0,42,84Bx40_bad.png,0.0,0.4226953983306885,0
vgg13_paper,0,42,84Fx40_bad.png,0.0,0.9167174100875854,1
vgg13_paper,0,42,85Ox40_bad.png,0.0,0.39125022292137146,0
vgg13_paper,0,42,85Qx40_bad.png,0.0,0.42918017506599426,0
vgg13_paper,0,42,86Ax40_bad.png,0.0,0.430447518825531,0
vgg13_paper,0,42,86Bx40_bad.png,0.0,0.9669129252433777,1
vgg13_paper,0,42,91Bx40_good.png,1.0,0.969739556312561,1
vgg13_paper,0,42,94Bx40_good.png,1.0,0.590565025806427,1
vgg13_paper,0,42,94Ex40_good.png,1.0,0.6875841617584229,1
vgg13_paper,0,42,95Ex40_good.png,1.0,0.374186247587204,0
vgg13_paper,0,42,95Gx40_good.png,1.0,0.6282629370689392,1
vgg13_paper,0,42,95Hx40_good.png,1.0,0.7654021978378296,1
vgg13_paper,0,42,96Bx40_good.png,1.0,0.8610012531280518,1
vgg13_paper,0,42,98Bx40_bad.png,0.0,0.7198672890663147,1
vgg13_paper,0,42,98Fx40_bad.png,0.0,0.3642008602619171,0
vgg13_paper,0,42,99Bx40_good.png,1.0,0.69129878282547,1
vgg13_paper,0,42,99Cx40_good.png,1.0,0.6116079092025757,1
vgg13_paper,1,42,100Dx40_bad.png,0.0,0.9142072200775146,1
vgg13_paper,1,42,102Ex40_good.png,1.0,0.9640752673149109,1
vgg13_paper,1,42,107Ix40_good.png,1.0,0.9837713241577148,1
vgg13_paper,1,42,108Ex40_good.png,1.0,0.923356294631958,1
vgg13_paper,1,42,15down2x40_good.png,1.0,0.9692455530166626,1
vgg13_paper,1,42,15up3x40_good.png,1.0,0.9356932640075684,1
vgg13_paper,1,42,20Ex40_bad.png,0.0,0.9539499878883362,1
vgg13_paper,1,42,24x40_good.png,1.0,0.9231613874435425,1
vgg13_paper,1,42,26Ax40_bad.png,0.0,0.9760376214981079,1
vgg13_paper,1,42,26Bx40_bad.png,0.0,0.8630642890930176,1
vgg13_paper,1,42,26Fx40_bad.png,0.0,0.9030240178108215,1
vgg13_paper,1,42,26Jx40_bad.png,0.0,0.8848344087600708,1
vgg13_paper,1,42,28Ax40_good.png,1.0,0.6494616866111755,1
vgg13_paper,1,42,28Bx40_good.png,1.0,0.5857084393501282,1
vgg13_paper,1,42,32Dx40_bad.png,0.0,0.07088031619787216,0
vgg13_paper,1,42,44Ix40_bad.png,0.0,0.7472995519638062,1
vgg13_paper,1,42,47Cx40_bad.png,0.0,0.9269593954086304,1
vgg13_paper,1,42,47Fx40_bad.png,0.0,0.9723550081253052,1
vgg13_paper,1,42,48Cx40_bad.png,0.0,0.9476395845413208,1
vgg13_paper,1,42,50Ax40_good.png,1.0,0.8252172470092773,1
vgg13_paper,1,42,50Cx40_good.png,1.0,0.8124430775642395,1
vgg13_paper,1,42,50Fx40_good.png,1.0,0.844539999961853,1
vgg13_paper,1,42,5x40b_good.png,1.0,0.928519606590271,1
vgg13_paper,1,42,65Ax40_good.png,1.0,0.981977641582489,1
vgg13_paper,1,42,66Bx40_good.png,1.0,0.8213008046150208,1
vgg13_paper,1,42,69Hx40_good.png,1.0,0.9156118631362915,1
vgg13_paper,1,42,69Kx40_good.png,1.0,0.9485934376716614,1
vgg13_paper,1,42,74Ax40_bad.png,0.0,0.9070242047309875,1
vgg13_paper,1,42,74Dx40_bad.png,0.0,0.9642053842544556,1
vgg13_paper,1,42,75Cx40_bad.png,0.0,0.8711977601051331,1
vgg13_paper,1,42,75Dx40_bad.png,0.0,0.9518184065818787,1
vgg13_paper,1,42,75Ex40_bad.png,0.0,0.9625139832496643,1
vgg13_paper,1,42,82Ax40_bad.png,0.0,0.31492990255355835,0
vgg13_paper,1,42,82Dx40_bad.png,0.0,0.2843908369541168,0
vgg13_paper,1,42,84Cx40_bad.png,0.0,0.8458310961723328,1
vgg13_paper,1,42,84Lx40_bad.png,0.0,0.9079782962799072,1
vgg13_paper,1,42,84Nx40_bad.png,0.0,0.8058626651763916,1
vgg13_paper,1,42,84Ux40_bad.png,0.0,0.8637757897377014,1
vgg13_paper,1,42,84Xx40_bad.png,0.0,0.9428159594535828,1
vgg13_paper,1,42,85Ex40_bad.png,0.0,0.8840268850326538,1
vgg13_paper,1,42,85Kx40_bad.png,0.0,0.4466395378112793,0
vgg13_paper,1,42,85Lx40_bad.png,0.0,0.403240442276001,0
vgg13_paper,1,42,85Px40_bad.png,0.0,0.7817496061325073,1
vgg13_paper,1,42,90Ax40_good.png,1.0,0.951294481754303,1
vgg13_paper,1,42,90Dx40_good.png,1.0,0.9190300703048706,1
vgg13_paper,1,42,91Ax40_good.png,1.0,0.983512818813324,1
vgg13_paper,1,42,92Ax40_good.png,1.0,0.9467514753341675,1
vgg13_paper,1,42,92Bx40_good.png,1.0,0.9542414546012878,1
vgg13_paper,1,42,93Ax40_good.png,1.0,0.8509923815727234,1
vgg13_paper,1,42,94Gx40_good.png,1.0,0.8177028894424438,1
vgg13_paper,1,42,95Ax40_good.png,1.0,0.9631831049919128,1
vgg13_paper,1,42,95Cx40_good.png,1.0,0.9310612678527832,1
vgg13_paper,1,42,99Gx40_good.png,1.0,0.9219614267349243,1
vgg13_paper,1,42,99Nx40_good.png,1.0,0.9144858717918396,1
vgg13_paper,2,42,100Ax40_bad.png,0.0,0.9222314357757568,1
vgg13_paper,2,42,102Ax40_good.png,1.0,0.9265708327293396,1
vgg13_paper,2,42,107Ax40_good.png,1.0,0.9585675597190857,1
vgg13_paper,2,42,108Gx40_good.png,1.0,0.8834906816482544,1
vgg13_paper,2,42,14Ax40_bad.png,0.0,0.8934834599494934,1
vgg13_paper,2,42,15upx40_good.png,1.0,0.9144433736801147,1
vgg13_paper,2,42,17Ax40_good.png,1.0,0.971191942691803,1
vgg13_paper,2,42,20Ax40_bad.png,0.0,0.9907680153846741,1
vgg13_paper,2,42,20Cx40_bad.png,0.0,0.9963536262512207,1
vgg13_paper,2,42,31Cx40_good.png,1.0,0.24763619899749756,0
vgg13_paper,2,42,31Dx40_good.png,1.0,0.029643550515174866,0
vgg13_paper,2,42,32Ax40_bad.png,0.0,0.2244286835193634,0
vgg13_paper,2,42,39down1x40_bad.png,0.0,0.16579465568065643,0
vgg13_paper,2,42,3x40b_good.png,1.0,0.9403691291809082,1
vgg13_paper,2,42,44Dx40_bad.png,0.0,0.6704055666923523,1
vgg13_paper,2,42,44Kx40_bad.png,0.0,0.10608161240816116,0
vgg13_paper,2,42,47Ax40_bad.png,0.0,0.6546229124069214,1
vgg13_paper,2,42,47Dx40_bad.png,0.0,0.4117756485939026,0
vgg13_paper,2,42,48Dx40_bad.png,0.0,0.894292414188385,1
vgg13_paper,2,42,49x40_good.png,1.0,0.7963586449623108,1
vgg13_paper,2,42,4x40b_good.png,1.0,0.9764544367790222,1
vgg13_paper,2,42,60Bx40_good.png,1.0,0.9789702296257019,1
vgg13_paper,2,42,64Bx40_good.png,1.0,0.9983384609222412,1
vgg13_paper,2,42,65Cx40_good.png,1.0,0.9548046588897705,1
vgg13_paper,2,42,65Dx40_good.png,1.0,0.7877057790756226,1
vgg13_paper,2,42,65Ex40_good.png,1.0,0.9179521203041077,1
vgg13_paper,2,42,67Cx40_good.png,1.0,0.9375643134117126,1
vgg13_paper,2,42,67Dx40_good.png,1.0,0.5453850030899048,1
vgg13_paper,2,42,68Ax40_good.png,1.0,0.8495944142341614,1
vgg13_paper,2,42,69Ax40_good.png,1.0,0.6974093914031982,1
vgg13_paper,2,42,69Ex40_good.png,1.0,0.739018976688385,1
vgg13_paper,2,42,74Fx40_bad.png,0.0,0.4896298050880432,0
vgg13_paper,2,42,79x40_good.png,1.0,0.45010119676589966,0
vgg13_paper,2,42,80x40_bad.png,0.0,0.8647313117980957,1
vgg13_paper,2,42,82Ex40_bad.png,0.0,0.00014641480811405927,0
vgg13_paper,2,42,84Dx40_bad.png,0.0,0.2770019471645355,0
vgg13_paper,2,42,84Kx40_bad.png,0.0,0.4071255922317505,0
vgg13_paper,2,42,84Px40_bad.png,0.0,0.21436089277267456,0
vgg13_paper,2,42,84Rx40_bad.png,0.0,0.29817190766334534,0
vgg13_paper,2,42,84Vx40_bad.png,0.0,0.23007529973983765,0
vgg13_paper,2,42,85Cx40_bad.png,0.0,0.7903409600257874,1
vgg13_paper,2,42,85Dx40_bad.png,0.0,0.6345330476760864,1
vgg13_paper,2,42,85Hx40_bad.png,0.0,0.020564131438732147,0
vgg13_paper,2,42,85Ix40_bad.png,0.0,0.0756969004869461,0
vgg13_paper,2,42,88Ex40_bad.png,0.0,0.004281766712665558,0
vgg13_paper,2,42,90Cx40_good.png,1.0,0.6147707104682922,1
vgg13_paper,2,42,90Fx40_good.png,1.0,0.8566129207611084,1
vgg13_paper,2,42,90Gx40_good.png,1.0,0.5760067701339722,1
vgg13_paper,2,42,94Kx40_good.png,1.0,0.6869294047355652,1
vgg13_paper,2,42,95Bx40_good.png,1.0,0.8646365404129028,1
vgg13_paper,2,42,95Fx40_good.png,1.0,0.7697443962097168,1
vgg13_paper,2,42,98Cx40_bad.png,0.0,0.3903105854988098,0
vgg13_paper,2,42,98Dx40_bad.png,0.0,0.8570390939712524,1
vgg13_paper,2,42,99Qx40_good.png,1.0,0.9486851692199707,1
vgg13_paper,3,42,100Bx40_bad.png,0.0,0.761625349521637,1
vgg13_paper,3,42,107Tx40_good.png,1.0,0.9787221550941467,1
vgg13_paper,3,42,108Cx40_good.png,1.0,0.9931811690330505,1
vgg13_paper,3,42,108Dx40_good.png,1.0,0.9750875234603882,1
vgg13_paper,3,42,15downx40_good.png,1.0,0.36212125420570374,0
vgg13_paper,3,42,15up4x40_good.png,1.0,0.8720515966415405,1
vgg13_paper,3,42,16Bx40_good.png,1.0,0.8834200501441956,1
vgg13_paper,3,42,26Dx40_bad.png,0.0,0.2927008271217346,0
vgg13_paper,3,42,26Ex40_bad.png,0.0,0.4123010039329529,0
vgg13_paper,3,42,26Hx40_bad.png,0.0,0.8378691673278809,1
vgg13_paper,3,42,39down3x40_bad.png,0.0,0.19494709372520447,0
vgg13_paper,3,42,39down4x40_bad.png,0.0,0.1745448261499405,0
vgg13_paper,3,42,3x40_good.png,1.0,0.7750688791275024,1
vgg13_paper,3,42,41Bx40_good.png,1.0,0.8327637910842896,1
vgg13_paper,3,42,44Fx40_bad.png,0.0,0.9675310254096985,1
vgg13_paper,3,42,47Ex40_bad.png,0.0,0.9774354100227356,1
vgg13_paper,3,42,48Ax40_bad.png,0.0,0.9793338179588318,1
vgg13_paper,3,42,48Fx40_bad.png,0.0,0.970249354839325,1
vgg13_paper,3,42,50Bx40_good.png,1.0,0.8651891350746155,1
vgg13_paper,3,42,50Dx40_good.png,1.0,0.7049471139907837,1
vgg13_paper,3,42,50Ex40_good.png,1.0,0.5823464393615723,1
vgg13_paper,3,42,5x40a_good.png,1.0,0.9873467087745667,1
vgg13_paper,3,42,66Ax40_good.png,1.0,0.9865822792053223,1
vgg13_paper,3,42,66Dx40_good.png,1.0,0.9596424698829651,1
vgg13_paper,3,42,66Ex40_good.png,1.0,0.9382181167602539,1
vgg13_paper,3,42,66Hx40_good.png,1.0,0.9435901641845703,1
vgg13_paper,3,42,69Dx40_good.png,1.0,0.897901713848114,1
vgg13_paper,3,42,69Fx40_good.png,1.0,0.9628581404685974,1
vgg13_paper,3,42,69Jx40_good.png,1.0,0.8638478517532349,1
vgg13_paper,3,42,74Bx40_bad.png,0.0,0.9787622094154358,1
vgg13_paper,3,42,74Cx40_bad.png,0.0,0.932976484298706,1
vgg13_paper,3,42,76x40_good.png,1.0,0.9655987024307251,1
vgg13_paper,3,42,83Ax40_bad.png,0.0,0.9228781461715698,1
vgg13_paper,3,42,84Hx40_bad.png,0.0,0.9736331701278687,1
vgg13_paper,3,42,84Jx40_bad.png,0.0,0.9866782426834106,1
vgg13_paper,3,42,84Ox40_bad.png,0.0,0.8687273263931274,1
vgg13_paper,3,42,84Tx40_bad.png,0.0,0.9473020434379578,1
vgg13_paper,3,42,84Wx40_bad.png,0.0,0.9520317912101746,1
vgg13_paper,3,42,85Ax40_bad.png,0.0,0.9494144320487976,1
vgg13_paper,3,42,86Cx40_bad.png,0.0,0.8652167916297913,1
vgg13_paper,3,42,86Dx40_bad.png,0.0,0.9038180112838745,1
vgg13_paper,3,42,86Fx40_bad.png,0.0,0.733303964138031,1
vgg13_paper,3,42,88Fx40_bad.png,0.0,0.48135149478912354,0
vgg13_paper,3,42,88Gx40_bad.png,0.0,0.45152294635772705,0
vgg13_paper,3,42,90Ex40_good.png,1.0,0.5852521061897278,1
vgg13_paper,3,42,94Dx40_good.png,1.0,0.9914429783821106,1
vgg13_paper,3,42,94Jx40_good.png,1.0,0.9807773232460022,1
vgg13_paper,3,42,96Ax40_good.png,1.0,0.9828790426254272,1
vgg13_paper,3,42,98Gx40_bad.png,0.0,0.9693407416343689,1
vgg13_paper,3,42,98Hx40_bad.png,0.0,0.9359673261642456,1
vgg13_paper,3,42,99Ax40_good.png,1.0,0.9875718355178833,1
vgg13_paper,3,42,99Fx40_good.png,1.0,0.8890383839607239,1
vgg13_paper,3,42,99Hx40_good.png,1.0,0.8897625803947449,1
vgg13_paper,3,42,99Ix40_good.png,1.0,0.8897625803947449,1
vgg13_paper,4,42,108Bx40_good.png,1.0,0.8913841843605042,1
vgg13_paper,4,42,14Cx40_bad.png,0.0,0.19142907857894897,0
vgg13_paper,4,42,17Bx40_good.png,1.0,0.8528587818145752,1
vgg13_paper,4,42,20Bx40_bad.png,0.0,0.9205151796340942,1
vgg13_paper,4,42,25Bx40_good.png,1.0,0.8108540773391724,1
vgg13_paper,4,42,31Bx40_good.png,1.0,0.1994566023349762,0
vgg13_paper,4,42,32Jx40_bad.png,0.0,0.2708752453327179,0
vgg13_paper,4,42,39down2x40_bad.png,0.0,0.5368492007255554,1
vgg13_paper,4,42,41Ax40_good.png,1.0,0.5878223180770874,1
vgg13_paper,4,42,44Ax40_bad.png,0.0,0.47666704654693604,0
vgg13_paper,4,42,44Hx40_bad.png,0.0,0.7312087416648865,1
vgg13_paper,4,42,47Jx40_bad.png,0.0,0.8297017812728882,1
vgg13_paper,4,42,60x40_good.png,1.0,0.7739133834838867,1
vgg13_paper,4,42,64Ax40_good.png,1.0,0.9932336211204529,1
vgg13_paper,4,42,66Cx40_good.png,1.0,0.888810932636261,1
vgg13_paper,4,42,66Ix40_good.png,1.0,0.6465756893157959,1
vgg13_paper,4,42,66Jx40_good.png,1.0,0.7209196090698242,1
vgg13_paper,4,42,67Ax40_good.png,1.0,0.9530742764472961,1
vgg13_paper,4,42,67Bx40_good.png,1.0,0.9433978796005249,1
vgg13_paper,4,42,68Cx40_good.png,1.0,0.9007855653762817,1
vgg13_paper,4,42,69Bx40_good.png,1.0,0.8274083733558655,1
vgg13_paper,4,42,69Cx40_good.png,1.0,0.7735857367515564,1
vgg13_paper,4,42,75Bx40_bad.png,0.0,0.6538740992546082,1
vgg13_paper,4,42,77x40_good.png,1.0,0.8711150288581848,1
vgg13_paper,4,42,81x40_good.png,1.0,0.8534054160118103,1
vgg13_paper,4,42,82Bx40_bad.png,0.0,0.8623504638671875,1
vgg13_paper,4,42,83Bx40_bad.png,0.0,0.6869423389434814,1
vgg13_paper,4,42,83Ex40_bad.png,0.0,0.735665500164032,1
vgg13_paper,4,42,84Ex40_bad.png,0.0,0.8197152018547058,1
vgg13_paper,4,42,84Ix40_bad.png,0.0,0.9287131428718567,1
vgg13_paper,4,42,84Mx40_bad.png,0.0,0.8448636531829834,1
vgg13_paper,4,42,84Qx40_bad.png,0.0,0.5950377583503723,1
vgg13_paper,4,42,84Sx40_bad.png,0.0,0.6794643998146057,1
vgg13_paper,4,42,85Bx40_bad.png,0.0,0.9551096558570862,1
vgg13_paper,4,42,85Fx40_bad.png,0.0,0.9355376958847046,1
vgg13_paper,4,42,85Jx40_bad.png,0.0,0.8597204685211182,1
vgg13_paper,4,42,85Mx40_bad.png,0.0,0.1988096535205841,0
vgg13_paper,4,42,85Nx40_bad.png,0.0,0.45853009819984436,0
vgg13_paper,4,42,86Ex40_bad.png,0.0,0.6158372759819031,1
vgg13_paper,4,42,88Dx40_bad.png,0.0,0.6111616492271423,1
vgg13_paper,4,42,88Hx40_bad.png,0.0,0.3494036793708801,0
vgg13_paper,4,42,90Bx40_good.png,1.0,0.64030921459198,1
vgg13_paper,4,42,93Bx40_good.png,1.0,0.9240882396697998,1
vgg13_paper,4,42,94Ax40_good.png,1.0,0.8392976522445679,1
vgg13_paper,4,42,94Cx40_good.png,1.0,0.7604155540466309,1
vgg13_paper,4,42,94Fx40_good.png,1.0,0.8383417129516602,1
vgg13_paper,4,42,94Hx40_good.png,1.0,0.609733521938324,1
vgg13_paper,4,42,94Ix40_good.png,1.0,0.5404326319694519,1
vgg13_paper,4,42,95Dx40_good.png,1.0,0.6421441435813904,1
vgg13_paper,4,42,96Cx40_good.png,1.0,0.6888930797576904,1
vgg13_paper,4,42,98Ax40_bad.png,0.0,0.947528064250946,1
vgg13_paper,4,42,98Ex40_bad.png,0.0,0.46131229400634766,0
vgg13_paper,4,42,99Ex40_good.png,1.0,0.7871834635734558,1
resnet50_probe,0,42,100Cx40_bad.png,0,0.9270530882249268,1
resnet50_probe,0,42,102Yx40_good.png,1,0.9263502944590403,1
resnet50_probe,0,42,107Ux40_good.png,1,0.9929481360778525,1
resnet50_probe,0,42,108Ax40_good.png,1,0.9975697432207843,1
resnet50_probe,0,42,108Fx40_good.png,1,0.9997573975856916,1
resnet50_probe,0,42,15up2x40_good.png,1,0.554437702662457,1
resnet50_probe,0,42,16Ax40_good.png,1,0.28882102324975956,0
resnet50_probe,0,42,20Dx40_bad.png,0,0.003567683633868715,0
resnet50_probe,0,42,25Ax40_good.png,1,0.2296879950956997,0
resnet50_probe,0,42,25Cx40_good.png,1,0.014158705253632727,0
resnet50_probe,0,42,26Cx40_bad.png,0,0.003431171371195469,0
resnet50_probe,0,42,31Ax40_good.png,1,0.01857596063426219,0
resnet50_probe,0,42,31Ex40_good.png,1,0.9119253646166814,1
resnet50_probe,0,42,32Bx40_bad.png,0,3.728463728688294e-06,0
resnet50_probe,0,42,32Cx40_bad.png,0,8.030470423456296e-07,0
resnet50_probe,0,42,32Fx40_bad.png,0,0.0012389297386647406,0
resnet50_probe,0,42,39down5x40_bad.png,0,0.0023286633046956124,0
resnet50_probe,0,42,39up1x40_bad.png,0,0.19200615285335645,0
resnet50_probe,0,42,41Cx40_good.png,1,0.06863120395023482,0
resnet50_probe,0,42,44Ex40_bad.png,0,2.746543206637884e-05,0
resnet50_probe,0,42,44Jx40_bad.png,0,0.008589588717111825,0
resnet50_probe,0,42,47Bx40_bad.png,0,0.0015344029076080792,0
resnet50_probe,0,42,48Bx40_bad.png,0,0.011189333932153376,0
resnet50_probe,0,42,48Ex40_bad.png,0,0.6044770770857822,1
resnet50_probe,0,42,4x40a_good.png,1,0.028281079762156592,0
resnet50_probe,0,42,5x40c_good.png,1,0.19491911950987495,0
resnet50_probe,0,42,64Cx40_good.png,1,0.99998108085828,1
resnet50_probe,0,42,65Bx40_good.png,1,0.6826168853626433,1
resnet50_probe,0,42,66Fx40_good.png,1,0.9905262786868563,1
resnet50_probe,0,42,68Bx40_good.png,1,0.9818140344996681,1
resnet50_probe,0,42,74Ex40_bad.png,0,0.012076054190372585,0
resnet50_probe,0,42,75Fx40_bad.png,0,8.595618878657013e-05,0
resnet50_probe,0,42,78x40_good.png,1,0.7513980516552394,1
resnet50_probe,0,42,82Cx40_bad.png,0,0.023587661711831992,0
resnet50_probe,0,42,83Cx40_bad.png,0,0.007401937425777685,0
resnet50_probe,0,42,83Dx40_bad.png,0,0.003074328504849363,0
resnet50_probe,0,42,84Ax40_bad.png,0,0.13366463154657576,0
resnet50_probe,0,42,84Bx40_bad.png,0,0.12376329231105651,0
resnet50_probe,0,42,84Fx40_bad.png,0,0.013136442003699384,0
resnet50_probe,0,42,85Ox40_bad.png,0,3.025857658824068e-06,0
resnet50_probe,0,42,85Qx40_bad.png,0,0.16143230906029926,0
resnet50_probe,0,42,86Ax40_bad.png,0,0.04653048442860874,0
resnet50_probe,0,42,86Bx40_bad.png,0,0.04505122408605396,0
resnet50_probe,0,42,91Bx40_good.png,1,0.9531261577645822,1
resnet50_probe,0,42,94Bx40_good.png,1,0.9999921837178803,1
resnet50_probe,0,42,94Ex40_good.png,1,0.9997375347277684,1
resnet50_probe,0,42,95Ex40_good.png,1,0.9999750823660498,1
resnet50_probe,0,42,95Gx40_good.png,1,0.9999167646397261,1
resnet50_probe,0,42,95Hx40_good.png,1,0.9974196051738197,1
resnet50_probe,0,42,96Bx40_good.png,1,0.8315311079987163,1
resnet50_probe,0,42,98Bx40_bad.png,0,0.8387454763846585,1
resnet50_probe,0,42,98Fx40_bad.png,0,0.9912544840367464,1
resnet50_probe,0,42,99Bx40_good.png,1,0.50524285616565,1
resnet50_probe,0,42,99Cx40_good.png,1,0.9999114549769293,1
resnet50_probe,1,42,100Dx40_bad.png,0,0.00026961755311137267,0
resnet50_probe,1,42,102Ex40_good.png,1,0.9908346963998169,1
resnet50_probe,1,42,107Ix40_good.png,1,0.9988068249940418,1
resnet50_probe,1,42,108Ex40_good.png,1,0.9997514912157627,1
resnet50_probe,1,42,15down2x40_good.png,1,0.1947345510769861,0
resnet50_probe,1,42,15up3x40_good.png,1,0.6603301266720851,1
resnet50_probe,1,42,20Ex40_bad.png,0,0.0037465678998070758,0
resnet50_probe,1,42,24x40_good.png,1,0.05701366394051448,0
resnet50_probe,1,42,26Ax40_bad.png,0,0.22480534798867788,0
resnet50_probe,1,42,26Bx40_bad.png,0,0.011147410535429631,0
resnet50_probe,1,42,26Fx40_bad.png,0,0.396585120093914,0
resnet50_probe,1,42,26Jx40_bad.png,0,0.46527589732378066,0
resnet50_probe,1,42,28Ax40_good.png,1,0.8952401828952609,1
resnet50_probe,1,42,28Bx40_good.png,1,0.1673092671897812,0
resnet50_probe,1,42,32Dx40_bad.png,0,0.005740936864078434,0
resnet50_probe,1,42,44Ix40_bad.png,0,0.33742006178257783,0
resnet50_probe,1,42,47Cx40_bad.png,0,0.016958320106815,0
resnet50_probe,1,42,47Fx40_bad.png,0,0.12109936771031325,0
resnet50_probe,1,42,48Cx40_bad.png,0,0.8603126439195522,1
resnet50_probe,1,42,50Ax40_good.png,1,0.9774927791438821,1
resnet50_probe,1,42,50Cx40_good.png,1,0.35993803569518024,0
resnet50_probe,1,42,50Fx40_good.png,1,0.9920980646966694,1
resnet50_probe,1,42,5x40b_good.png,1,0.6535276553868722,1
resnet50_probe,1,42,65Ax40_good.png,1,0.9999383482880965,1
resnet50_probe,1,42,66Bx40_good.png,1,0.9673935330537238,1
resnet50_probe,1,42,69Hx40_good.png,1,0.9993899682079096,1
resnet50_probe,1,42,69Kx40_good.png,1,0.9978298920729832,1
resnet50_probe,1,42,74Ax40_bad.png,0,0.00013618087219746723,0
resnet50_probe,1,42,74Dx40_bad.png,0,0.07227223145433836,0
resnet50_probe,1,42,75Cx40_bad.png,0,7.30509871960896e-10,0
resnet50_probe,1,42,75Dx40_bad.png,0,1.63087761006266e-05,0
resnet50_probe,1,42,75Ex40_bad.png,0,4.721772474877871e-05,0
resnet50_probe,1,42,82Ax40_bad.png,0,0.04814565802514145,0
resnet50_probe,1,42,82Dx40_bad.png,0,0.0009014217788460447,0
resnet50_probe,1,42,84Cx40_bad.png,0,0.12552002632398465,0
resnet50_probe,1,42,84Lx40_bad.png,0,0.0012727407265787413,0
resnet50_probe,1,42,84Nx40_bad.png,0,0.0006011375501910778,0
resnet50_probe,1,42,84Ux40_bad.png,0,5.140641499116875e-05,0
resnet50_probe,1,42,84Xx40_bad.png,0,0.016561581031405252,0
resnet50_probe,1,42,85Ex40_bad.png,0,0.0013662366613659232,0
resnet50_probe,1,42,85Kx40_bad.png,0,0.0005827773294026451,0
resnet50_probe,1,42,85Lx40_bad.png,0,0.00010172487663061684,0
resnet50_probe,1,42,85Px40_bad.png,0,8.173777208323206e-05,0
resnet50_probe,1,42,90Ax40_good.png,1,0.9871655622058477,1
resnet50_probe,1,42,90Dx40_good.png,1,0.998109434620134,1
resnet50_probe,1,42,91Ax40_good.png,1,0.5508461294082659,1
resnet50_probe,1,42,92Ax40_good.png,1,0.9932234092153607,1
resnet50_probe,1,42,92Bx40_good.png,1,0.9947136879177275,1
resnet50_probe,1,42,93Ax40_good.png,1,0.9994807271453277,1
resnet50_probe,1,42,94Gx40_good.png,1,0.9590324052727387,1
resnet50_probe,1,42,95Ax40_good.png,1,0.998653121326438,1
resnet50_probe,1,42,95Cx40_good.png,1,0.9960707943926383,1
resnet50_probe,1,42,99Gx40_good.png,1,0.9991012650010634,1
resnet50_probe,1,42,99Nx40_good.png,1,0.8568523175306111,1
resnet50_probe,2,42,100Ax40_bad.png,0,0.0032413581074434497,0
resnet50_probe,2,42,102Ax40_good.png,1,0.9775583368657794,1
resnet50_probe,2,42,107Ax40_good.png,1,0.002087590637184732,0
resnet50_probe,2,42,108Gx40_good.png,1,0.9995356527534844,1
resnet50_probe,2,42,14Ax40_bad.png,0,0.9992122564223347,1
resnet50_probe,2,42,15upx40_good.png,1,0.6405049400527724,1
resnet50_probe,2,42,17Ax40_good.png,1,0.8426664233614723,1
resnet50_probe,2,42,20Ax40_bad.png,0,0.2311882959413488,0
resnet50_probe,2,42,20Cx40_bad.png,0,0.04060788436751912,0
resnet50_probe,2,42,31Cx40_good.png,1,0.5338603685806786,1
resnet50_probe,2,42,31Dx40_good.png,1,0.8922844545728887,1
resnet50_probe,2,42,32Ax40_bad.png,0,1.1354879264856174e-05,0
resnet50_probe,2,42,39down1x40_bad.png,0,0.8788666100882622,1
resnet50_probe,2,42,3x40b_good.png,1,0.5544324107710438,1
resnet50_probe,2,42,44Dx40_bad.png,0,0.0020236768408207063,0
resnet50_probe,2,42,44Kx40_bad.png,0,0.0031147431943768346,0
resnet50_probe,2,42,47Ax40_bad.png,0,0.31789912573592666,0
resnet50_probe,2,42,47Dx40_bad.png,0,0.009200473133669921,0
resnet50_probe,2,42,48Dx40_bad.png,0,0.35661879278675274,0
resnet50_probe,2,42,49x40_good.png,1,0.10833769904985295,0
resnet50_probe,2,42,4x40b_good.png,1,0.942802843871718,1
resnet50_probe,2,42,60Bx40_good.png,1,0.648822244024917,1
resnet50_probe,2,42,64Bx40_good.png,1,0.9988187047828779,1
resnet50_probe,2,42,65Cx40_good.png,1,0.9877334245393699,1
resnet50_probe,2,42,65Dx40_good.png,1,0.009318896812872539,0
resnet50_probe,2,42,65Ex40_good.png,1,0.9999277319808321,1
resnet50_probe,2,42,67Cx40_good.png,1,0.9909117016365142,1
resnet50_probe,2,42,67Dx40_good.png,1,0.9997494248654003,1
resnet50_probe,2,42,68Ax40_good.png,1,0.9989695551224073,1
resnet50_probe,2,42,69Ax40_good.png,1,0.9966489563030055,1
resnet50_probe,2,42,69Ex40_good.png,1,0.9998491529601431,1
resnet50_probe,2,42,74Fx40_bad.png,0,0.025725505256230487,0
resnet50_probe,2,42,79x40_good.png,1,0.6715093899706367,1
resnet50_probe,2,42,80x40_bad.png,0,0.9633860120644435,1
resnet50_probe,2,42,82Ex40_bad.png,0,0.0015979404856371355,0
resnet50_probe,2,42,84Dx40_bad.png,0,3.0715063483937614e-06,0
resnet50_probe,2,42,84Kx40_bad.png,0,0.06579905329812244,0
resnet50_probe,2,42,84Px40_bad.png,0,0.015163669204731313,0
resnet50_probe,2,42,84Rx40_bad.png,0,0.009516692488432307,0
resnet50_probe,2,42,84Vx40_bad.png,0,0.00014064081871930373,0
resnet50_probe,2,42,85Cx40_bad.png,0,0.0007460006079248559,0
resnet50_probe,2,42,85Dx40_bad.png,0,0.004649478049254607,0
resnet50_probe,2,42,85Hx40_bad.png,0,0.00018892076951653022,0
resnet50_probe,2,42,85Ix40_bad.png,0,0.0007576309211541222,0
resnet50_probe,2,42,88Ex40_bad.png,0,0.024765738898249227,0
resnet50_probe,2,42,90Cx40_good.png,1,0.9999317538920837,1
resnet50_probe,2,42,90Fx40_good.png,1,0.9993255525263464,1
resnet50_probe,2,42,90Gx40_good.png,1,0.9998996361379645,1
resnet50_probe,2,42,94Kx40_good.png,1,0.999499317537438,1
resnet50_probe,2,42,95Bx40_good.png,1,0.999817780303842,1
resnet50_probe,2,42,95Fx40_good.png,1,0.9999634666907886,1
resnet50_probe,2,42,98Cx40_bad.png,0,0.9942332454397101,1
resnet50_probe,2,42,98Dx40_bad.png,0,0.999145706886916,1
resnet50_probe,2,42,99Qx40_good.png,1,0.9994657705987364,1
resnet50_probe,3,42,100Bx40_bad.png,0,0.016861697913610762,0
resnet50_probe,3,42,107Tx40_good.png,1,0.9998933511734917,1
resnet50_probe,3,42,108Cx40_good.png,1,0.9999956339276538,1
resnet50_probe,3,42,108Dx40_good.png,1,0.9964622798265971,1
resnet50_probe,3,42,15downx40_good.png,1,0.012553651572809726,0
resnet50_probe,3,42,15up4x40_good.png,1,0.970314518811837,1
resnet50_probe,3,42,16Bx40_good.png,1,0.9986895382646979,1
resnet50_probe,3,42,26Dx40_bad.png,0,0.8457180946587717,1
resnet50_probe,3,42,26Ex40_bad.png,0,0.11512225099200862,0
resnet50_probe,3,42,26Hx40_bad.png,0,0.9554835993234742,1
resnet50_probe,3,42,39down3x40_bad.png,0,0.19923690734346755,0
resnet50_probe,3,42,39down4x40_bad.png,0,0.3361489010860146,0
resnet50_probe,3,42,3x40_good.png,1,0.9909143411188366,1
resnet50_probe,3,42,41Bx40_good.png,1,0.005351103183681172,0
resnet50_probe,3,42,44Fx40_bad.png,0,0.05629938717616986,0
resnet50_probe,3,42,47Ex40_bad.png,0,0.005337711401073288,0
resnet50_probe,3,42,48Ax40_bad.png,0,0.9515668059727044,1
resnet50_probe,3,42,48Fx40_bad.png,0,0.7998530297502872,1
resnet50_probe,3,42,50Bx40_good.png,1,0.9412629667433982,1
resnet50_probe,3,42,50Dx40_good.png,1,0.2801439029293431,0
resnet50_probe,3,42,50Ex40_good.png,1,0.9864175584255468,1
resnet50_probe,3,42,5x40a_good.png,1,0.8745725604803338,1
resnet50_probe,3,42,66Ax40_good.png,1,0.9512936811325284,1
resnet50_probe,3,42,66Dx40_good.png,1,0.9996872276058292,1
resnet50_probe,3,42,66Ex40_good.png,1,0.9999369270161156,1
resnet50_probe,3,42,66Hx40_good.png,1,0.9998213516715317,1
resnet50_probe,3,42,69Dx40_good.png,1,0.8836329118959197,1
resnet50_probe,3,42,69Fx40_good.png,1,0.9999185216040067,1
resnet50_probe,3,42,69Jx40_good.png,1,0.9989026167341397,1
resnet50_probe,3,42,74Bx40_bad.png,0,0.01772450301294792,0
resnet50_probe,3,42,74Cx40_bad.png,0,0.8244147295541626,1
resnet50_probe,3,42,76x40_good.png,1,0.7627561026459643,1
resnet50_probe,3,42,83Ax40_bad.png,0,3.508160292677904e-07,0
resnet50_probe,3,42,84Hx40_bad.png,0,0.0474797717013416,0
resnet50_probe,3,42,84Jx40_bad.png,0,0.08568200918766176,0
resnet50_probe,3,42,84Ox40_bad.png,0,0.1687408643449478,0
resnet50_probe,3,42,84Tx40_bad.png,0,1.0751224701346571e-06,0
resnet50_probe,3,42,84Wx40_bad.png,0,0.0006268491350002738,0
resnet50_probe,3,42,85Ax40_bad.png,0,0.00045146209514188945,0
resnet50_probe,3,42,86Cx40_bad.png,0,1.586204138149252e-05,0
resnet50_probe,3,42,86Dx40_bad.png,0,8.721914920967858e-06,0
resnet50_probe,3,42,86Fx40_bad.png,0,0.04994364170313152,0
resnet50_probe,3,42,88Fx40_bad.png,0,1.2975152367435048e-05,0
resnet50_probe,3,42,88Gx40_bad.png,0,0.002454867868425478,0
resnet50_probe,3,42,90Ex40_good.png,1,0.9712633681834854,1
resnet50_probe,3,42,94Dx40_good.png,1,0.9623989097195352,1
resnet50_probe,3,42,94Jx40_good.png,1,0.9999731855350036,1
resnet50_probe,3,42,96Ax40_good.png,1,0.8721261553032609,1
resnet50_probe,3,42,98Gx40_bad.png,0,0.9995699370419443,1
resnet50_probe,3,42,98Hx40_bad.png,0,0.5336399576090706,1
resnet50_probe,3,42,99Ax40_good.png,1,0.4718495893138104,0
resnet50_probe,3,42,99Fx40_good.png,1,0.8942782390619284,1
resnet50_probe,3,42,99Hx40_good.png,1,0.9797837989822045,1
resnet50_probe,3,42,99Ix40_good.png,1,0.9797837989822045,1
resnet50_probe,4,42,108Bx40_good.png,1,0.9955650258320681,1
resnet50_probe,4,42,14Cx40_bad.png,0,0.2171092059680324,0
resnet50_probe,4,42,17Bx40_good.png,1,0.96031190177123,1
resnet50_probe,4,42,20Bx40_bad.png,0,0.8626484080531028,1
resnet50_probe,4,42,25Bx40_good.png,1,0.2512763294071682,0
resnet50_probe,4,42,31Bx40_good.png,1,0.36513511494320283,0
resnet50_probe,4,42,32Jx40_bad.png,0,0.002185793844215279,0
resnet50_probe,4,42,39down2x40_bad.png,0,0.4799797851217037,0
resnet50_probe,4,42,41Ax40_good.png,1,0.9337597807411431,1
resnet50_probe,4,42,44Ax40_bad.png,0,0.054368980986430455,0
resnet50_probe,4,42,44Hx40_bad.png,0,0.009330083592142898,0
resnet50_probe,4,42,47Jx40_bad.png,0,0.9238976966568256,1
resnet50_probe,4,42,60x40_good.png,1,0.710691929272156,1
resnet50_probe,4,42,64Ax40_good.png,1,0.9960562482057601,1
resnet50_probe,4,42,66Cx40_good.png,1,0.9999997829455289,1
resnet50_probe,4,42,66Ix40_good.png,1,0.9997618997629941,1
resnet50_probe,4,42,66Jx40_good.png,1,0.9938066527016263,1
resnet50_probe,4,42,67Ax40_good.png,1,0.9139359484898611,1
resnet50_probe,4,42,67Bx40_good.png,1,0.9961894340053856,1
resnet50_probe,4,42,68Cx40_good.png,1,0.9999432493440731,1
resnet50_probe,4,42,69Bx40_good.png,1,0.9928687208422863,1
resnet50_probe,4,42,69Cx40_good.png,1,0.9996414666606478,1
resnet50_probe,4,42,75Bx40_bad.png,0,1.1050900260150708e-05,0
resnet50_probe,4,42,77x40_good.png,1,0.733571645045654,1
resnet50_probe,4,42,81x40_good.png,1,0.6359833363134649,1
resnet50_probe,4,42,82Bx40_bad.png,0,0.0008605816764503701,0
resnet50_probe,4,42,83Bx40_bad.png,0,1.0499601599374945e-06,0
resnet50_probe,4,42,83Ex40_bad.png,0,0.024763730471285404,0
resnet50_probe,4,42,84Ex40_bad.png,0,0.04691842302977883,0
resnet50_probe,4,42,84Ix40_bad.png,0,0.18664091789776996,0
resnet50_probe,4,42,84Mx40_bad.png,0,0.0037615726692616217,0
resnet50_probe,4,42,84Qx40_bad.png,0,0.02793725461054504,0
resnet50_probe,4,42,84Sx40_bad.png,0,6.979691548967301e-05,0
resnet50_probe,4,42,85Bx40_bad.png,0,0.011979387429635857,0
resnet50_probe,4,42,85Fx40_bad.png,0,9.51064442005106e-05,0
resnet50_probe,4,42,85Jx40_bad.png,0,0.0010145534968072753,0
resnet50_probe,4,42,85Mx40_bad.png,0,6.885487126936326e-06,0
resnet50_probe,4,42,85Nx40_bad.png,0,3.6590612176008e-09,0
resnet50_probe,4,42,86Ex40_bad.png,0,0.26040957203035775,0
resnet50_probe,4,42,88Dx40_bad.png,0,0.0007028465643990863,0
resnet50_probe,4,42,88Hx40_bad.png,0,0.0001726441346137508,0
resnet50_probe,4,42,90Bx40_good.png,1,0.9997320311070328,1
resnet50_probe,4,42,93Bx40_good.png,1,0.9837852247469114,1
resnet50_probe,4,42,94Ax40_good.png,1,0.9319076678282663,1
resnet50_probe,4,42,94Cx40_good.png,1,0.987885998873026,1
resnet50_probe,4,42,94Fx40_good.png,1,0.2774650494376064,0
resnet50_probe,4,42,94Hx40_good.png,1,0.9739736511707912,1
resnet50_probe,4,42,94Ix40_good.png,1,0.9974665317391984,1
resnet50_probe,4,42,95Dx40_good.png,1,0.9989675438080822,1
resnet50_probe,4,42,96Cx40_good.png,1,0.992972035889779,1
resnet50_probe,4,42,98Ax40_bad.png,0,0.6774111478641567,1
resnet50_probe,4,42,98Ex40_bad.png,0,0.9991868779080539,1
resnet50_probe,4,42,99Ex40_good.png,1,0.9982537089580645,1
dinov2_probe,0,42,100Cx40_bad.png,0,0.0408472232395713,0
dinov2_probe,0,42,102Yx40_good.png,1,0.9106982524127691,1
dinov2_probe,0,42,107Ux40_good.png,1,0.8855073391660753,1
dinov2_probe,0,42,108Ax40_good.png,1,0.9809578145859534,1
dinov2_probe,0,42,108Fx40_good.png,1,0.9999480098792873,1
dinov2_probe,0,42,15up2x40_good.png,1,0.9979053136884922,1
dinov2_probe,0,42,16Ax40_good.png,1,0.20506910772808967,0
dinov2_probe,0,42,20Dx40_bad.png,0,0.03617953584663204,0
dinov2_probe,0,42,25Ax40_good.png,1,0.6895673122358232,1
dinov2_probe,0,42,25Cx40_good.png,1,0.07834709631974082,0
dinov2_probe,0,42,26Cx40_bad.png,0,0.03690564509994891,0
dinov2_probe,0,42,31Ax40_good.png,1,0.46146627554439856,0
dinov2_probe,0,42,31Ex40_good.png,1,0.931654848997217,1
dinov2_probe,0,42,32Bx40_bad.png,0,0.00023362907656261013,0
dinov2_probe,0,42,32Cx40_bad.png,0,8.294152539801607e-05,0
dinov2_probe,0,42,32Fx40_bad.png,0,0.0001305658781577343,0
dinov2_probe,0,42,39down5x40_bad.png,0,0.09568226558406065,0
dinov2_probe,0,42,39up1x40_bad.png,0,0.3496200151309861,0
dinov2_probe,0,42,41Cx40_good.png,1,0.8778897573527267,1
dinov2_probe,0,42,44Ex40_bad.png,0,2.4830154545914038e-05,0
dinov2_probe,0,42,44Jx40_bad.png,0,0.015560657233266962,0
dinov2_probe,0,42,47Bx40_bad.png,0,0.610477068247297,1
dinov2_probe,0,42,48Bx40_bad.png,0,0.4075969104928934,0
dinov2_probe,0,42,48Ex40_bad.png,0,0.0006185815826948368,0
dinov2_probe,0,42,4x40a_good.png,1,0.9964997915459433,1
dinov2_probe,0,42,5x40c_good.png,1,0.9052309570763186,1
dinov2_probe,0,42,64Cx40_good.png,1,0.9992266927618917,1
dinov2_probe,0,42,65Bx40_good.png,1,0.9930298102890319,1
dinov2_probe,0,42,66Fx40_good.png,1,0.9982167229367299,1
dinov2_probe,0,42,68Bx40_good.png,1,0.9911686992086423,1
dinov2_probe,0,42,74Ex40_bad.png,0,0.00014279925176307213,0
dinov2_probe,0,42,75Fx40_bad.png,0,0.0010197070746196515,0
dinov2_probe,0,42,78x40_good.png,1,0.8586531843537056,1
dinov2_probe,0,42,82Cx40_bad.png,0,4.960232944245467e-08,0
dinov2_probe,0,42,83Cx40_bad.png,0,6.023916661170394e-07,0
dinov2_probe,0,42,83Dx40_bad.png,0,8.04031352055188e-06,0
dinov2_probe,0,42,84Ax40_bad.png,0,0.0001262201406182077,0
dinov2_probe,0,42,84Bx40_bad.png,0,0.0056520867472283414,0
dinov2_probe,0,42,84Fx40_bad.png,0,0.6754691033160192,1
dinov2_probe,0,42,85Ox40_bad.png,0,1.3943826258378061e-06,0
dinov2_probe,0,42,85Qx40_bad.png,0,0.00036849010577839295,0
dinov2_probe,0,42,86Ax40_bad.png,0,0.3079736148667108,0
dinov2_probe,0,42,86Bx40_bad.png,0,0.644807284263677,1
dinov2_probe,0,42,91Bx40_good.png,1,0.9960813312428484,1
dinov2_probe,0,42,94Bx40_good.png,1,0.998731824790745,1
dinov2_probe,0,42,94Ex40_good.png,1,0.9942169905929151,1
dinov2_probe,0,42,95Ex40_good.png,1,0.9999450206302687,1
dinov2_probe,0,42,95Gx40_good.png,1,0.9985201832429633,1
dinov2_probe,0,42,95Hx40_good.png,1,0.9987158148310976,1
dinov2_probe,0,42,96Bx40_good.png,1,0.8346720173547174,1
dinov2_probe,0,42,98Bx40_bad.png,0,0.18694374059503036,0
dinov2_probe,0,42,98Fx40_bad.png,0,0.9997981063701955,1
dinov2_probe,0,42,99Bx40_good.png,1,0.5523962988827134,1
dinov2_probe,0,42,99Cx40_good.png,1,0.9567841799672323,1
dinov2_probe,1,42,100Dx40_bad.png,0,0.002493147772902438,0
dinov2_probe,1,42,102Ex40_good.png,1,0.9989470259676909,1
dinov2_probe,1,42,107Ix40_good.png,1,0.9998661039402447,1
dinov2_probe,1,42,108Ex40_good.png,1,0.9978168727555033,1
dinov2_probe,1,42,15down2x40_good.png,1,0.8520054094259565,1
dinov2_probe,1,42,15up3x40_good.png,1,0.18668351389972168,0
dinov2_probe,1,42,20Ex40_bad.png,0,0.0456377325156838,0
dinov2_probe,1,42,24x40_good.png,1,0.07307430764734803,0
dinov2_probe,1,42,26Ax40_bad.png,0,0.9100796825888445,1
dinov2_probe,1,42,26Bx40_bad.png,0,0.040368431730764674,0
dinov2_probe,1,42,26Fx40_bad.png,0,0.9717344693132252,1
dinov2_probe,1,42,26Jx40_bad.png,0,0.6698607809279098,1
dinov2_probe,1,42,28Ax40_good.png,1,0.03544202586080811,0
dinov2_probe,1,42,28Bx40_good.png,1,0.12243054134804678,0
dinov2_probe,1,42,32Dx40_bad.png,0,0.00021388926653944764,0
dinov2_probe,1,42,44Ix40_bad.png,0,0.03523349657829712,0
dinov2_probe,1,42,47Cx40_bad.png,0,0.0030927056495353208,0
dinov2_probe,1,42,47Fx40_bad.png,0,0.7514940344456468,1
dinov2_probe,1,42,48Cx40_bad.png,0,0.810853343286499,1
dinov2_probe,1,42,50Ax40_good.png,1,0.1366487238088054,0
dinov2_probe,1,42,50Cx40_good.png,1,0.9912185635791629,1
dinov2_probe,1,42,50Fx40_good.png,1,0.07786409786141721,0
dinov2_probe,1,42,5x40b_good.png,1,0.18716333973811386,0
dinov2_probe,1,42,65Ax40_good.png,1,0.9999969261566494,1
dinov2_probe,1,42,66Bx40_good.png,1,0.9987339740626321,1
dinov2_probe,1,42,69Hx40_good.png,1,0.9997117996482844,1
dinov2_probe,1,42,69Kx40_good.png,1,0.8452910429673111,1
dinov2_probe,1,42,74Ax40_bad.png,0,9.091035780738762e-06,0
dinov2_probe,1,42,74Dx40_bad.png,0,0.34264522921473745,0
dinov2_probe,1,42,75Cx40_bad.png,0,9.232593993520451e-06,0
dinov2_probe,1,42,75Dx40_bad.png,0,1.1579937640142795e-07,0
dinov2_probe,1,42,75Ex40_bad.png,0,7.924557332104457e-06,0
dinov2_probe,1,42,82Ax40_bad.png,0,0.0324722933996204,0
dinov2_probe,1,42,82Dx40_bad.png,0,3.735122065992847e-07,0
dinov2_probe,1,42,84Cx40_bad.png,0,0.19950790886842595,0
dinov2_probe,1,42,84Lx40_bad.png,0,0.0012135833586226546,0
dinov2_probe,1,42,84Nx40_bad.png,0,0.0003578415662832079,0
dinov2_probe,1,42,84Ux40_bad.png,0,4.040648722544546e-06,0
dinov2_probe,1,42,84Xx40_bad.png,0,0.0008242785431415858,0
dinov2_probe,1,42,85Ex40_bad.png,0,0.006561544359297347,0
dinov2_probe,1,42,85Kx40_bad.png,0,7.86302556859535e-05,0
dinov2_probe,1,42,85Lx40_bad.png,0,1.4600347756552657e-07,0
dinov2_probe,1,42,85Px40_bad.png,0,0.0067080583218083675,0
dinov2_probe,1,42,90Ax40_good.png,1,0.987936144891102,1
dinov2_probe,1,42,90Dx40_good.png,1,0.939504132340699,1
dinov2_probe,1,42,91Ax40_good.png,1,0.9999696771778371,1
dinov2_probe,1,42,92Ax40_good.png,1,0.9959717877612775,1
dinov2_probe,1,42,92Bx40_good.png,1,0.9863047070115412,1
dinov2_probe,1,42,93Ax40_good.png,1,0.9997790503128133,1
dinov2_probe,1,42,94Gx40_good.png,1,0.9764892602874147,1
dinov2_probe,1,42,95Ax40_good.png,1,0.8658245909944456,1
dinov2_probe,1,42,95Cx40_good.png,1,0.9999910370866191,1
dinov2_probe,1,42,99Gx40_good.png,1,0.9187638579268175,1
dinov2_probe,1,42,99Nx40_good.png,1,0.9926648856509589,1
dinov2_probe,2,42,100Ax40_bad.png,0,0.049157538314666904,0
dinov2_probe,2,42,102Ax40_good.png,1,0.793443844224164,1
dinov2_probe,2,42,107Ax40_good.png,1,0.2956458645919757,0
dinov2_probe,2,42,108Gx40_good.png,1,0.21732826709746966,0
dinov2_probe,2,42,14Ax40_bad.png,0,0.9966058726461833,1
dinov2_probe,2,42,15upx40_good.png,1,0.9441024972819461,1
dinov2_probe,2,42,17Ax40_good.png,1,0.8135917965876373,1
dinov2_probe,2,42,20Ax40_bad.png,0,0.8342812923306082,1
dinov2_probe,2,42,20Cx40_bad.png,0,0.16719613531036662,0
dinov2_probe,2,42,31Cx40_good.png,1,0.9787219193340058,1
dinov2_probe,2,42,31Dx40_good.png,1,0.9560555269869885,1
dinov2_probe,2,42,32Ax40_bad.png,0,0.0020163320749510376,0
dinov2_probe,2,42,39down1x40_bad.png,0,0.016108796478405463,0
dinov2_probe,2,42,3x40b_good.png,1,0.980013362736599,1
dinov2_probe,2,42,44Dx40_bad.png,0,0.006594845542246631,0
dinov2_probe,2,42,44Kx40_bad.png,0,0.005272030570201509,0
dinov2_probe,2,42,47Ax40_bad.png,0,0.0659306927023828,0
dinov2_probe,2,42,47Dx40_bad.png,0,3.356686511852971e-06,0
dinov2_probe,2,42,48Dx40_bad.png,0,0.07945761535848844,0
dinov2_probe,2,42,49x40_good.png,1,0.99007501698548,1
dinov2_probe,2,42,4x40b_good.png,1,0.9951544736671053,1
dinov2_probe,2,42,60Bx40_good.png,1,0.9998747550587869,1
dinov2_probe,2,42,64Bx40_good.png,1,0.9871619250029489,1
dinov2_probe,2,42,65Cx40_good.png,1,0.9998963599640621,1
dinov2_probe,2,42,65Dx40_good.png,1,0.06681913142914635,0
dinov2_probe,2,42,65Ex40_good.png,1,0.8337020020271835,1
dinov2_probe,2,42,67Cx40_good.png,1,0.9999983601552885,1
dinov2_probe,2,42,67Dx40_good.png,1,0.9999900538469312,1
dinov2_probe,2,42,68Ax40_good.png,1,0.4524026785790138,0
dinov2_probe,2,42,69Ax40_good.png,1,0.789094811820186,1
dinov2_probe,2,42,69Ex40_good.png,1,0.9999957294411598,1
dinov2_probe,2,42,74Fx40_bad.png,0,1.2492141362623181e-06,0
dinov2_probe,2,42,79x40_good.png,1,0.9903977626104434,1
dinov2_probe,2,42,80x40_bad.png,0,0.9741969585110982,1
dinov2_probe,2,42,82Ex40_bad.png,0,0.00012133299602489317,0
dinov2_probe,2,42,84Dx40_bad.png,0,0.1232014587124565,0
dinov2_probe,2,42,84Kx40_bad.png,0,0.002685548544543391,0
dinov2_probe,2,42,84Px40_bad.png,0,0.004678571888962817,0
dinov2_probe,2,42,84Rx40_bad.png,0,7.822947722839954e-05,0
dinov2_probe,2,42,84Vx40_bad.png,0,3.4431645792733514e-06,0
dinov2_probe,2,42,85Cx40_bad.png,0,0.003512538745304313,0
dinov2_probe,2,42,85Dx40_bad.png,0,5.483432064245711e-05,0
dinov2_probe,2,42,85Hx40_bad.png,0,3.5214010401818014e-09,0
dinov2_probe,2,42,85Ix40_bad.png,0,6.709918510545312e-06,0
dinov2_probe,2,42,88Ex40_bad.png,0,1.0449833198963543e-07,0
dinov2_probe,2,42,90Cx40_good.png,1,0.41816168882589555,0
dinov2_probe,2,42,90Fx40_good.png,1,0.9997180810882116,1
dinov2_probe,2,42,90Gx40_good.png,1,0.9997332005799453,1
dinov2_probe,2,42,94Kx40_good.png,1,0.99998765676927,1
dinov2_probe,2,42,95Bx40_good.png,1,0.9602686266754119,1
dinov2_probe,2,42,95Fx40_good.png,1,0.9962723667371696,1
dinov2_probe,2,42,98Cx40_bad.png,0,0.9633783980418275,1
dinov2_probe,2,42,98Dx40_bad.png,0,0.999245663481578,1
dinov2_probe,2,42,99Qx40_good.png,1,0.9999051919627787,1
dinov2_probe,3,42,100Bx40_bad.png,0,0.6628362120997819,1
dinov2_probe,3,42,107Tx40_good.png,1,0.9999818764258155,1
dinov2_probe,3,42,108Cx40_good.png,1,0.9828814752685083,1
dinov2_probe,3,42,108Dx40_good.png,1,0.9956490734916823,1
dinov2_probe,3,42,15downx40_good.png,1,0.8795230138414812,1
dinov2_probe,3,42,15up4x40_good.png,1,0.2348043265444158,0
dinov2_probe,3,42,16Bx40_good.png,1,0.9999866460149047,1
dinov2_probe,3,42,26Dx40_bad.png,0,0.022899756480439636,0
dinov2_probe,3,42,26Ex40_bad.png,0,0.07786986027688544,0
dinov2_probe,3,42,26Hx40_bad.png,0,0.8956451018700592,1
dinov2_probe,3,42,39down3x40_bad.png,0,0.8535344609563377,1
dinov2_probe,3,42,39down4x40_bad.png,0,0.7822483528639128,1
dinov2_probe,3,42,3x40_good.png,1,0.9992516743610184,1
dinov2_probe,3,42,41Bx40_good.png,1,0.026593215933055196,0
dinov2_probe,3,42,44Fx40_bad.png,0,0.02357002619562715,0
dinov2_probe,3,42,47Ex40_bad.png,0,0.0005549060995359123,0
dinov2_probe,3,42,48Ax40_bad.png,0,0.9976487097814931,1
dinov2_probe,3,42,48Fx40_bad.png,0,0.06358912226691324,0
dinov2_probe,3,42,50Bx40_good.png,1,0.5534954186724116,1
dinov2_probe,3,42,50Dx40_good.png,1,0.045607334295891575,0
dinov2_probe,3,42,50Ex40_good.png,1,0.9994109449156096,1
dinov2_probe,3,42,5x40a_good.png,1,0.8259731547332497,1
dinov2_probe,3,42,66Ax40_good.png,1,0.9997184122646124,1
dinov2_probe,3,42,66Dx40_good.png,1,0.9999857789002385,1
dinov2_probe,3,42,66Ex40_good.png,1,0.9999903571566461,1
dinov2_probe,3,42,66Hx40_good.png,1,0.9995863369206308,1
dinov2_probe,3,42,69Dx40_good.png,1,0.9966361761782396,1
dinov2_probe,3,42,69Fx40_good.png,1,0.9993191821005298,1
dinov2_probe,3,42,69Jx40_good.png,1,0.9998833925932461,1
dinov2_probe,3,42,74Bx40_bad.png,0,0.48494395093020526,0
dinov2_probe,3,42,74Cx40_bad.png,0,0.9142955052148066,1
dinov2_probe,3,42,76x40_good.png,1,0.7889561264587929,1
dinov2_probe,3,42,83Ax40_bad.png,0,0.9538636265281587,1
dinov2_probe,3,42,84Hx40_bad.png,0,0.019708038234395032,0
dinov2_probe,3,42,84Jx40_bad.png,0,0.014743895189980592,0
dinov2_probe,3,42,84Ox40_bad.png,0,0.010921191754747223,0
dinov2_probe,3,42,84Tx40_bad.png,0,5.6423476871999074e-05,0
dinov2_probe,3,42,84Wx40_bad.png,0,1.399856168753517e-07,0
dinov2_probe,3,42,85Ax40_bad.png,0,0.0008008608555660557,0
dinov2_probe,3,42,86Cx40_bad.png,0,3.6886966285399527e-05,0
dinov2_probe,3,42,86Dx40_bad.png,0,9.199660458728367e-06,0
dinov2_probe,3,42,86Fx40_bad.png,0,0.0075604635941789984,0
dinov2_probe,3,42,88Fx40_bad.png,0,1.0118266209473539e-07,0
dinov2_probe,3,42,88Gx40_bad.png,0,5.9057178820186874e-08,0
dinov2_probe,3,42,90Ex40_good.png,1,0.9811078529750386,1
dinov2_probe,3,42,94Dx40_good.png,1,0.9999861562150846,1
dinov2_probe,3,42,94Jx40_good.png,1,0.9998953314796458,1
dinov2_probe,3,42,96Ax40_good.png,1,0.9993073165346475,1
dinov2_probe,3,42,98Gx40_bad.png,0,0.9987111206116986,1
dinov2_probe,3,42,98Hx40_bad.png,0,0.99779711203044,1
dinov2_probe,3,42,99Ax40_good.png,1,0.9999181162045458,1
dinov2_probe,3,42,99Fx40_good.png,1,0.9988410504773075,1
dinov2_probe,3,42,99Hx40_good.png,1,0.9965157742414356,1
dinov2_probe,3,42,99Ix40_good.png,1,0.9965157742414356,1
dinov2_probe,4,42,108Bx40_good.png,1,0.9809755134840141,1
dinov2_probe,4,42,14Cx40_bad.png,0,0.14670350809184082,0
dinov2_probe,4,42,17Bx40_good.png,1,0.9616687135230435,1
dinov2_probe,4,42,20Bx40_bad.png,0,0.993461168052191,1
dinov2_probe,4,42,25Bx40_good.png,1,0.054379573128554695,0
dinov2_probe,4,42,31Bx40_good.png,1,0.9993216685161972,1
dinov2_probe,4,42,32Jx40_bad.png,0,0.12263528783890075,0
dinov2_probe,4,42,39down2x40_bad.png,0,0.00015909585689627314,0
dinov2_probe,4,42,41Ax40_good.png,1,0.7288619097996448,1
dinov2_probe,4,42,44Ax40_bad.png,0,6.0337013551911155e-05,0
dinov2_probe,4,42,44Hx40_bad.png,0,0.037512153043125246,0
dinov2_probe,4,42,47Jx40_bad.png,0,0.260163835444084,0
dinov2_probe,4,42,60x40_good.png,1,0.9538709987324314,1
dinov2_probe,4,42,64Ax40_good.png,1,0.9941217761589606,1
dinov2_probe,4,42,66Cx40_good.png,1,0.9995923754540442,1
dinov2_probe,4,42,66Ix40_good.png,1,0.9998920547188294,1
dinov2_probe,4,42,66Jx40_good.png,1,0.8561703946263649,1
dinov2_probe,4,42,67Ax40_good.png,1,0.999992432341071,1
dinov2_probe,4,42,67Bx40_good.png,1,0.9999681788184946,1
dinov2_probe,4,42,68Cx40_good.png,1,0.964394167545657,1
dinov2_probe,4,42,69Bx40_good.png,1,0.9776409808610641,1
dinov2_probe,4,42,69Cx40_good.png,1,0.30352523416440785,0
dinov2_probe,4,42,75Bx40_bad.png,0,8.18402363097634e-06,0
dinov2_probe,4,42,77x40_good.png,1,0.5994338069300214,1
dinov2_probe,4,42,81x40_good.png,1,0.9975027094032941,1
dinov2_probe,4,42,82Bx40_bad.png,0,3.4051130604716883e-06,0
dinov2_probe,4,42,83Bx40_bad.png,0,0.00024660936500118277,0
dinov2_probe,4,42,83Ex40_bad.png,0,4.5991824159030585e-06,0
dinov2_probe,4,42,84Ex40_bad.png,0,0.4447833873369983,0
dinov2_probe,4,42,84Ix40_bad.png,0,0.0016071662090581687,0
dinov2_probe,4,42,84Mx40_bad.png,0,0.0005805409480246838,0
dinov2_probe,4,42,84Qx40_bad.png,0,0.01595807258099085,0
dinov2_probe,4,42,84Sx40_bad.png,0,8.643668392010921e-06,0
dinov2_probe,4,42,85Bx40_bad.png,0,0.9328919084322677,1
dinov2_probe,4,42,85Fx40_bad.png,0,6.966024394385797e-05,0
dinov2_probe,4,42,85Jx40_bad.png,0,1.2043726149498425e-10,0
dinov2_probe,4,42,85Mx40_bad.png,0,8.245475811274175e-05,0
dinov2_probe,4,42,85Nx40_bad.png,0,2.5436559233754382e-05,0
dinov2_probe,4,42,86Ex40_bad.png,0,0.00620515510423793,0
dinov2_probe,4,42,88Dx40_bad.png,0,0.21610748092976512,0
dinov2_probe,4,42,88Hx40_bad.png,0,1.3710540218126405e-06,0
dinov2_probe,4,42,90Bx40_good.png,1,0.973053197231447,1
dinov2_probe,4,42,93Bx40_good.png,1,0.8300255310284745,1
dinov2_probe,4,42,94Ax40_good.png,1,0.9958009967120579,1
dinov2_probe,4,42,94Cx40_good.png,1,0.9991000709092646,1
dinov2_probe,4,42,94Fx40_good.png,1,0.9896497123842487,1
dinov2_probe,4,42,94Hx40_good.png,1,0.9916215036207757,1
dinov2_probe,4,42,94Ix40_good.png,1,0.9998911936940384,1
dinov2_probe,4,42,95Dx40_good.png,1,0.9997790244309446,1
dinov2_probe,4,42,96Cx40_good.png,1,0.9987010036252326,1
dinov2_probe,4,42,98Ax40_bad.png,0,0.008194417724562076,0
dinov2_probe,4,42,98Ex40_bad.png,0,0.026802518240553228,0
dinov2_probe,4,42,99Ex40_good.png,1,0.9981563854093717,1
clip_probe,0,42,100Cx40_bad.png,0,0.07786996255183148,0
clip_probe,0,42,102Yx40_good.png,1,0.9999989190541159,1
clip_probe,0,42,107Ux40_good.png,1,0.9672912280239031,1
clip_probe,0,42,108Ax40_good.png,1,0.9998369257546686,1
clip_probe,0,42,108Fx40_good.png,1,0.9769905918896817,1
clip_probe,0,42,15up2x40_good.png,1,0.9976459680365558,1
clip_probe,0,42,16Ax40_good.png,1,0.9994301709480881,1
clip_probe,0,42,20Dx40_bad.png,0,0.030627553214099597,0
clip_probe,0,42,25Ax40_good.png,1,2.8126925049281795e-05,0
clip_probe,0,42,25Cx40_good.png,1,0.005255282069324396,0
clip_probe,0,42,26Cx40_bad.png,0,0.03464992575781182,0
clip_probe,0,42,31Ax40_good.png,1,0.9628478035876468,1
clip_probe,0,42,31Ex40_good.png,1,0.6872789315667691,1
clip_probe,0,42,32Bx40_bad.png,0,0.07198557761977094,0
clip_probe,0,42,32Cx40_bad.png,0,0.8291164726916632,1
clip_probe,0,42,32Fx40_bad.png,0,0.9988259839357945,1
clip_probe,0,42,39down5x40_bad.png,0,0.00038517439570847164,0
clip_probe,0,42,39up1x40_bad.png,0,0.9858889084498568,1
clip_probe,0,42,41Cx40_good.png,1,0.48729621152442704,0
clip_probe,0,42,44Ex40_bad.png,0,4.453562107208418e-06,0
clip_probe,0,42,44Jx40_bad.png,0,0.00023135728242911846,0
clip_probe,0,42,47Bx40_bad.png,0,0.056618451893889525,0
clip_probe,0,42,48Bx40_bad.png,0,0.002143960469554247,0
clip_probe,0,42,48Ex40_bad.png,0,0.04794523199176985,0
clip_probe,0,42,4x40a_good.png,1,0.5178621790011965,1
clip_probe,0,42,5x40c_good.png,1,0.6058986147454494,1
clip_probe,0,42,64Cx40_good.png,1,0.737043498013214,1
clip_probe,0,42,65Bx40_good.png,1,0.9997017336539104,1
clip_probe,0,42,66Fx40_good.png,1,0.9999854260914658,1
clip_probe,0,42,68Bx40_good.png,1,0.9434052340861241,1
clip_probe,0,42,74Ex40_bad.png,0,0.3105765524942773,0
clip_probe,0,42,75Fx40_bad.png,0,0.0005557094633960044,0
clip_probe,0,42,78x40_good.png,1,0.9997317530889469,1
clip_probe,0,42,82Cx40_bad.png,0,4.5391251940417765e-06,0
clip_probe,0,42,83Cx40_bad.png,0,0.001542267422313062,0
clip_probe,0,42,83Dx40_bad.png,0,0.09040392399375043,0
clip_probe,0,42,84Ax40_bad.png,0,0.0011293835477356544,0
clip_probe,0,42,84Bx40_bad.png,0,0.0005488423382339782,0
clip_probe,0,42,84Fx40_bad.png,0,0.04375751495434688,0
clip_probe,0,42,85Ox40_bad.png,0,1.890645720363178e-07,0
clip_probe,0,42,85Qx40_bad.png,0,0.00011033682773895398,0
clip_probe,0,42,86Ax40_bad.png,0,7.3673516801981236e-06,0
clip_probe,0,42,86Bx40_bad.png,0,0.6517298417449179,1
clip_probe,0,42,91Bx40_good.png,1,0.9996277876867781,1
clip_probe,0,42,94Bx40_good.png,1,0.9195881116828754,1
clip_probe,0,42,94Ex40_good.png,1,0.9964325206335712,1
clip_probe,0,42,95Ex40_good.png,1,0.9999655670909187,1
clip_probe,0,42,95Gx40_good.png,1,0.9999642835517855,1
clip_probe,0,42,95Hx40_good.png,1,0.9990873895497557,1
clip_probe,0,42,96Bx40_good.png,1,0.030012768289064944,0
clip_probe,0,42,98Bx40_bad.png,0,0.14055907563113748,0
clip_probe,0,42,98Fx40_bad.png,0,0.9709085279316927,1
clip_probe,0,42,99Bx40_good.png,1,0.9413485508027033,1
clip_probe,0,42,99Cx40_good.png,1,0.6946545733543344,1
clip_probe,1,42,100Dx40_bad.png,0,0.003482939315738066,0
clip_probe,1,42,102Ex40_good.png,1,0.9996779739030527,1
clip_probe,1,42,107Ix40_good.png,1,0.9999954635076588,1
clip_probe,1,42,108Ex40_good.png,1,0.9986407209900194,1
clip_probe,1,42,15down2x40_good.png,1,0.79421055497344,1
clip_probe,1,42,15up3x40_good.png,1,0.06370135174538952,0
clip_probe,1,42,20Ex40_bad.png,0,0.020479927177472945,0
clip_probe,1,42,24x40_good.png,1,0.013084294817398272,0
clip_probe,1,42,26Ax40_bad.png,0,0.03339653224005659,0
clip_probe,1,42,26Bx40_bad.png,0,1.640297865101457e-05,0
clip_probe,1,42,26Fx40_bad.png,0,0.6839436316304897,1
clip_probe,1,42,26Jx40_bad.png,0,0.9723488353872329,1
clip_probe,1,42,28Ax40_good.png,1,0.9354755733159771,1
clip_probe,1,42,28Bx40_good.png,1,0.014710260449317876,0
clip_probe,1,42,32Dx40_bad.png,0,2.0884655440751426e-05,0
clip_probe,1,42,44Ix40_bad.png,0,0.9214767730608313,1
clip_probe,1,42,47Cx40_bad.png,0,0.0018034415549456825,0
clip_probe,1,42,47Fx40_bad.png,0,0.8612989428753768,1
clip_probe,1,42,48Cx40_bad.png,0,0.12039290073139898,0
clip_probe,1,42,50Ax40_good.png,1,0.0009172866129667637,0
clip_probe,1,42,50Cx40_good.png,1,0.9765406066787978,1
clip_probe,1,42,50Fx40_good.png,1,0.9988060278175814,1
clip_probe,1,42,5x40b_good.png,1,0.8552441646731297,1
clip_probe,1,42,65Ax40_good.png,1,0.9981646825650053,1
clip_probe,1,42,66Bx40_good.png,1,0.9990279622102564,1
clip_probe,1,42,69Hx40_good.png,1,0.9999956372527061,1
clip_probe,1,42,69Kx40_good.png,1,0.9999404941293251,1
clip_probe,1,42,74Ax40_bad.png,0,6.322577858020102e-06,0
clip_probe,1,42,74Dx40_bad.png,0,0.3569874835874779,0
clip_probe,1,42,75Cx40_bad.png,0,4.808027892358214e-10,0
clip_probe,1,42,75Dx40_bad.png,0,0.07280501418301168,0
clip_probe,1,42,75Ex40_bad.png,0,1.310217079635972e-05,0
clip_probe,1,42,82Ax40_bad.png,0,0.014294291339693808,0
clip_probe,1,42,82Dx40_bad.png,0,1.736820181518433e-06,0
clip_probe,1,42,84Cx40_bad.png,0,0.07022379866880177,0
clip_probe,1,42,84Lx40_bad.png,0,0.013682297542678303,0
clip_probe,1,42,84Nx40_bad.png,0,3.5068794123163174e-05,0
clip_probe,1,42,84Ux40_bad.png,0,9.10984361975106e-06,0
clip_probe,1,42,84Xx40_bad.png,0,0.00028299811955449886,0
clip_probe,1,42,85Ex40_bad.png,0,0.012389192300611734,0
clip_probe,1,42,85Kx40_bad.png,0,9.828393798831783e-07,0
clip_probe,1,42,85Lx40_bad.png,0,3.479766561433677e-07,0
clip_probe,1,42,85Px40_bad.png,0,7.3242038266004636e-06,0
clip_probe,1,42,90Ax40_good.png,1,0.917676271026142,1
clip_probe,1,42,90Dx40_good.png,1,0.2965231215589937,0
clip_probe,1,42,91Ax40_good.png,1,0.9521532429318474,1
clip_probe,1,42,92Ax40_good.png,1,0.3839618377120771,0
clip_probe,1,42,92Bx40_good.png,1,0.49870148324949315,0
clip_probe,1,42,93Ax40_good.png,1,0.999922294440411,1
clip_probe,1,42,94Gx40_good.png,1,0.5003919838780182,1
clip_probe,1,42,95Ax40_good.png,1,0.9999881012237977,1
clip_probe,1,42,95Cx40_good.png,1,0.23242799506885156,0
clip_probe,1,42,99Gx40_good.png,1,0.5602287173706919,1
clip_probe,1,42,99Nx40_good.png,1,0.2570187211938433,0
clip_probe,2,42,100Ax40_bad.png,0,0.38032464220008066,0
clip_probe,2,42,102Ax40_good.png,1,0.9959071447155631,1
clip_probe,2,42,107Ax40_good.png,1,0.9856761882772619,1
clip_probe,2,42,108Gx40_good.png,1,0.9987725326525926,1
clip_probe,2,42,14Ax40_bad.png,0,0.7529036548326273,1
clip_probe,2,42,15upx40_good.png,1,0.13386865032986478,0
clip_probe,2,42,17Ax40_good.png,1,0.6128236360327717,1
clip_probe,2,42,20Ax40_bad.png,0,0.056337788502754144,0
clip_probe,2,42,20Cx40_bad.png,0,0.6767411583491434,1
clip_probe,2,42,31Cx40_good.png,1,0.7545489380832269,1
clip_probe,2,42,31Dx40_good.png,1,0.9686386429337613,1
clip_probe,2,42,32Ax40_bad.png,0,0.9997543453023249,1
clip_probe,2,42,39down1x40_bad.png,0,0.00013820770595552556,0
clip_probe,2,42,3x40b_good.png,1,0.11982349809426096,0
clip_probe,2,42,44Dx40_bad.png,0,0.003987439083314375,0
clip_probe,2,42,44Kx40_bad.png,0,1.4121861121061496e-05,0
clip_probe,2,42,47Ax40_bad.png,0,0.42758464152931724,0
clip_probe,2,42,47Dx40_bad.png,0,0.0009421750343756791,0
clip_probe,2,42,48Dx40_bad.png,0,0.0031510345697155348,0
clip_probe,2,42,49x40_good.png,1,0.9766070293092008,1
clip_probe,2,42,4x40b_good.png,1,0.9499692942871314,1
clip_probe,2,42,60Bx40_good.png,1,0.9799164371339922,1
clip_probe,2,42,64Bx40_good.png,1,0.9998337800413287,1
clip_probe,2,42,65Cx40_good.png,1,0.9629219325950319,1
clip_probe,2,42,65Dx40_good.png,1,0.9951494689257795,1
clip_probe,2,42,65Ex40_good.png,1,0.9982008357608466,1
clip_probe,2,42,67Cx40_good.png,1,0.5579130880419807,1
clip_probe,2,42,67Dx40_good.png,1,0.731967054075105,1
clip_probe,2,42,68Ax40_good.png,1,0.9971792233979883,1
clip_probe,2,42,69Ax40_good.png,1,0.9305320832090448,1
clip_probe,2,42,69Ex40_good.png,1,0.9999224806261098,1
clip_probe,2,42,74Fx40_bad.png,0,0.007020437866529737,0
clip_probe,2,42,79x40_good.png,1,0.07975454582545105,0
clip_probe,2,42,80x40_bad.png,0,0.5197337243152732,1
clip_probe,2,42,82Ex40_bad.png,0,0.0002868571670841346,0
clip_probe,2,42,84Dx40_bad.png,0,0.28362211168679796,0
clip_probe,2,42,84Kx40_bad.png,0,0.000622886827224842,0
clip_probe,2,42,84Px40_bad.png,0,0.051664954064670206,0
clip_probe,2,42,84Rx40_bad.png,0,0.003135434969848878,0
clip_probe,2,42,84Vx40_bad.png,0,3.11576588431928e-07,0
clip_probe,2,42,85Cx40_bad.png,0,0.020501998600846495,0
clip_probe,2,42,85Dx40_bad.png,0,0.0002176306480498671,0
clip_probe,2,42,85Hx40_bad.png,0,1.2961423393694423e-07,0
clip_probe,2,42,85Ix40_bad.png,0,8.320695071220444e-07,0
clip_probe,2,42,88Ex40_bad.png,0,1.0536371279697583e-08,0
clip_probe,2,42,90Cx40_good.png,1,0.9982840872325537,1
clip_probe,2,42,90Fx40_good.png,1,0.9998908179622271,1
clip_probe,2,42,90Gx40_good.png,1,0.9823490112414482,1
clip_probe,2,42,94Kx40_good.png,1,0.9999999804712089,1
clip_probe,2,42,95Bx40_good.png,1,0.9996640501660002,1
clip_probe,2,42,95Fx40_good.png,1,0.997986213378138,1
clip_probe,2,42,98Cx40_bad.png,0,0.4999040411730669,0
clip_probe,2,42,98Dx40_bad.png,0,0.9997386487056156,1
clip_probe,2,42,99Qx40_good.png,1,0.9950903823432861,1
clip_probe,3,42,100Bx40_bad.png,0,0.9991751134046516,1
clip_probe,3,42,107Tx40_good.png,1,0.8952323928683317,1
clip_probe,3,42,108Cx40_good.png,1,0.9759170001373194,1
clip_probe,3,42,108Dx40_good.png,1,0.9980934798746528,1
clip_probe,3,42,15downx40_good.png,1,0.9849702057166809,1
clip_probe,3,42,15up4x40_good.png,1,0.9988676227097814,1
clip_probe,3,42,16Bx40_good.png,1,0.9998587519267836,1
clip_probe,3,42,26Dx40_bad.png,0,0.01831549026013178,0
clip_probe,3,42,26Ex40_bad.png,0,0.00010925443831250913,0
clip_probe,3,42,26Hx40_bad.png,0,0.0414763534365886,0
clip_probe,3,42,39down3x40_bad.png,0,0.019910014498049047,0
clip_probe,3,42,39down4x40_bad.png,0,0.7695811391675496,1
clip_probe,3,42,3x40_good.png,1,0.9960115170622319,1
clip_probe,3,42,41Bx40_good.png,1,0.00579414971698701,0
clip_probe,3,42,44Fx40_bad.png,0,0.12183730314989893,0
clip_probe,3,42,47Ex40_bad.png,0,1.9939340086594282e-05,0
clip_probe,3,42,48Ax40_bad.png,0,0.7525850239341293,1
clip_probe,3,42,48Fx40_bad.png,0,0.8147434066720308,1
clip_probe,3,42,50Bx40_good.png,1,0.999595810779442,1
clip_probe,3,42,50Dx40_good.png,1,0.9647918552307768,1
clip_probe,3,42,50Ex40_good.png,1,0.9721746260977792,1
clip_probe,3,42,5x40a_good.png,1,0.98226121808436,1
clip_probe,3,42,66Ax40_good.png,1,0.9998640252824478,1
clip_probe,3,42,66Dx40_good.png,1,0.9998842525931569,1
clip_probe,3,42,66Ex40_good.png,1,0.9997836915385094,1
clip_probe,3,42,66Hx40_good.png,1,0.9999978356215548,1
clip_probe,3,42,69Dx40_good.png,1,0.9993963080367338,1
clip_probe,3,42,69Fx40_good.png,1,0.9992932414894246,1
clip_probe,3,42,69Jx40_good.png,1,0.9999969173970401,1
clip_probe,3,42,74Bx40_bad.png,0,0.005320680842075145,0
clip_probe,3,42,74Cx40_bad.png,0,0.00521585449056888,0
clip_probe,3,42,76x40_good.png,1,0.03381331353115072,0
clip_probe,3,42,83Ax40_bad.png,0,0.0011826438028875765,0
clip_probe,3,42,84Hx40_bad.png,0,0.0012019368332207873,0
clip_probe,3,42,84Jx40_bad.png,0,0.03503130108162292,0
clip_probe,3,42,84Ox40_bad.png,0,0.4952392582883913,0
clip_probe,3,42,84Tx40_bad.png,0,3.1431194097895835e-05,0
clip_probe,3,42,84Wx40_bad.png,0,5.3513856746797516e-08,0
clip_probe,3,42,85Ax40_bad.png,0,0.001291930100679576,0
clip_probe,3,42,86Cx40_bad.png,0,0.015049712041211683,0
clip_probe,3,42,86Dx40_bad.png,0,0.0002877649837409611,0
clip_probe,3,42,86Fx40_bad.png,0,5.786282751510387e-05,0
clip_probe,3,42,88Fx40_bad.png,0,0.0031485465022961876,0
clip_probe,3,42,88Gx40_bad.png,0,0.015717594527485505,0
clip_probe,3,42,90Ex40_good.png,1,0.754646888487597,1
clip_probe,3,42,94Dx40_good.png,1,0.9999429534582562,1
clip_probe,3,42,94Jx40_good.png,1,0.9970861284481882,1
clip_probe,3,42,96Ax40_good.png,1,0.04772017510088811,0
clip_probe,3,42,98Gx40_bad.png,0,0.06550692392231856,0
clip_probe,3,42,98Hx40_bad.png,0,0.5024216597611888,1
clip_probe,3,42,99Ax40_good.png,1,0.9996166925842283,1
clip_probe,3,42,99Fx40_good.png,1,0.5080522980579262,1
clip_probe,3,42,99Hx40_good.png,1,0.9366121187829639,1
clip_probe,3,42,99Ix40_good.png,1,0.9366121187829639,1
clip_probe,4,42,108Bx40_good.png,1,0.9999908351191059,1
clip_probe,4,42,14Cx40_bad.png,0,0.3675037728418587,0
clip_probe,4,42,17Bx40_good.png,1,0.9754268688120848,1
clip_probe,4,42,20Bx40_bad.png,0,0.9998995760826934,1
clip_probe,4,42,25Bx40_good.png,1,0.0364740651455853,0
clip_probe,4,42,31Bx40_good.png,1,0.729225318667922,1
clip_probe,4,42,32Jx40_bad.png,0,0.08030415293247073,0
clip_probe,4,42,39down2x40_bad.png,0,0.386845089425636,0
clip_probe,4,42,41Ax40_good.png,1,0.9923436449843415,1
clip_probe,4,42,44Ax40_bad.png,0,0.999872134504145,1
clip_probe,4,42,44Hx40_bad.png,0,0.016187364201541567,0
clip_probe,4,42,47Jx40_bad.png,0,0.9704211308335399,1
clip_probe,4,42,60x40_good.png,1,0.9999937089652781,1
clip_probe,4,42,64Ax40_good.png,1,0.9999536039189068,1
clip_probe,4,42,66Cx40_good.png,1,0.999941418469425,1
clip_probe,4,42,66Ix40_good.png,1,0.9916197942080646,1
clip_probe,4,42,66Jx40_good.png,1,0.9969720660642205,1
clip_probe,4,42,67Ax40_good.png,1,0.9981645869455538,1
clip_probe,4,42,67Bx40_good.png,1,0.9998395052478546,1
clip_probe,4,42,68Cx40_good.png,1,0.9977889246904441,1
clip_probe,4,42,69Bx40_good.png,1,0.9852878752502046,1
clip_probe,4,42,69Cx40_good.png,1,0.7488105246082304,1
clip_probe,4,42,75Bx40_bad.png,0,0.06800527243770353,0
clip_probe,4,42,77x40_good.png,1,0.8448608325942394,1
clip_probe,4,42,81x40_good.png,1,0.7965584762842526,1
clip_probe,4,42,82Bx40_bad.png,0,0.0009021219566745146,0
clip_probe,4,42,83Bx40_bad.png,0,1.2335244244212627e-05,0
clip_probe,4,42,83Ex40_bad.png,0,2.07866409733954e-05,0
clip_probe,4,42,84Ex40_bad.png,0,0.387767424855276,0
clip_probe,4,42,84Ix40_bad.png,0,0.017481132088527418,0
clip_probe,4,42,84Mx40_bad.png,0,4.0571294833340334e-05,0
clip_probe,4,42,84Qx40_bad.png,0,0.07585522846696723,0
clip_probe,4,42,84Sx40_bad.png,0,0.34505543056241256,0
clip_probe,4,42,85Bx40_bad.png,0,0.002193625753642583,0
clip_probe,4,42,85Fx40_bad.png,0,3.087944275354147e-05,0
clip_probe,4,42,85Jx40_bad.png,0,3.016406728149969e-08,0
clip_probe,4,42,85Mx40_bad.png,0,0.0406055133583368,0
clip_probe,4,42,85Nx40_bad.png,0,0.31190994985490356,0
clip_probe,4,42,86Ex40_bad.png,0,0.13416149249803389,0
clip_probe,4,42,88Dx40_bad.png,0,2.093178653416992e-06,0
clip_probe,4,42,88Hx40_bad.png,0,2.2226746379791587e-05,0
clip_probe,4,42,90Bx40_good.png,1,0.9960152922762666,1
clip_probe,4,42,93Bx40_good.png,1,0.9917060483854141,1
clip_probe,4,42,94Ax40_good.png,1,0.9969318330467966,1
clip_probe,4,42,94Cx40_good.png,1,0.9861313194690993,1
clip_probe,4,42,94Fx40_good.png,1,0.6834181208675308,1
clip_probe,4,42,94Hx40_good.png,1,0.9903121738143799,1
clip_probe,4,42,94Ix40_good.png,1,0.9998558405731808,1
clip_probe,4,42,95Dx40_good.png,1,0.9998566995635323,1
clip_probe,4,42,96Cx40_good.png,1,0.9922908061789604,1
clip_probe,4,42,98Ax40_bad.png,0,0.029152765635006517,0
clip_probe,4,42,98Ex40_bad.png,0,0.9993994308359124,1
clip_probe,4,42,99Ex40_good.png,1,0.9992726971360615,1
clip_zeroshot_simple,-1,0,100Ax40_bad.png,0,0.7046898603439331,1
clip_zeroshot_simple,-1,0,100Bx40_bad.png,0,0.7407326102256775,1
clip_zeroshot_simple,-1,0,100Cx40_bad.png,0,0.7970389127731323,1
clip_zeroshot_simple,-1,0,100Dx40_bad.png,0,0.6803910732269287,1
clip_zeroshot_simple,-1,0,102Ax40_good.png,1,0.7790431976318359,1
clip_zeroshot_simple,-1,0,102Ex40_good.png,1,0.700901210308075,1
clip_zeroshot_simple,-1,0,102Yx40_good.png,1,0.783298671245575,1
clip_zeroshot_simple,-1,0,107Ax40_good.png,1,0.7350607514381409,1
clip_zeroshot_simple,-1,0,107Ix40_good.png,1,0.7986156940460205,1
clip_zeroshot_simple,-1,0,107Tx40_good.png,1,0.7340871095657349,1
clip_zeroshot_simple,-1,0,107Ux40_good.png,1,0.732793927192688,1
clip_zeroshot_simple,-1,0,108Ax40_good.png,1,0.7608116865158081,1
clip_zeroshot_simple,-1,0,108Bx40_good.png,1,0.7608116865158081,1
clip_zeroshot_simple,-1,0,108Cx40_good.png,1,0.6768631339073181,1
clip_zeroshot_simple,-1,0,108Dx40_good.png,1,0.7784079313278198,1
clip_zeroshot_simple,-1,0,108Ex40_good.png,1,0.7399872541427612,1
clip_zeroshot_simple,-1,0,108Fx40_good.png,1,0.7123041152954102,1
clip_zeroshot_simple,-1,0,108Gx40_good.png,1,0.7785918116569519,1
clip_zeroshot_simple,-1,0,14Ax40_bad.png,0,0.7674302458763123,1
clip_zeroshot_simple,-1,0,14Cx40_bad.png,0,0.7717786431312561,1
clip_zeroshot_simple,-1,0,15down2x40_good.png,1,0.7436559200286865,1
clip_zeroshot_simple,-1,0,15downx40_good.png,1,0.7742165327072144,1
clip_zeroshot_simple,-1,0,15up2x40_good.png,1,0.7630167603492737,1
clip_zeroshot_simple,-1,0,15up3x40_good.png,1,0.7566485404968262,1
clip_zeroshot_simple,-1,0,15up4x40_good.png,1,0.7190647125244141,1
clip_zeroshot_simple,-1,0,15upx40_good.png,1,0.7658280730247498,1
clip_zeroshot_simple,-1,0,16Ax40_good.png,1,0.6883645057678223,1
clip_zeroshot_simple,-1,0,16Bx40_good.png,1,0.7504380941390991,1
clip_zeroshot_simple,-1,0,17Ax40_good.png,1,0.6878778338432312,1
clip_zeroshot_simple,-1,0,17Bx40_good.png,1,0.7919172644615173,1
clip_zeroshot_simple,-1,0,20Ax40_bad.png,0,0.7764177322387695,1
clip_zeroshot_simple,-1,0,20Bx40_bad.png,0,0.6016941666603088,1
clip_zeroshot_simple,-1,0,20Cx40_bad.png,0,0.8096756935119629,1
clip_zeroshot_simple,-1,0,20Dx40_bad.png,0,0.8076983690261841,1
clip_zeroshot_simple,-1,0,20Ex40_bad.png,0,0.8076983690261841,1
clip_zeroshot_simple,-1,0,24x40_good.png,1,0.6986363530158997,1
clip_zeroshot_simple,-1,0,25Ax40_good.png,1,0.717363178730011,1
clip_zeroshot_simple,-1,0,25Bx40_good.png,1,0.7837713360786438,1
clip_zeroshot_simple,-1,0,25Cx40_good.png,1,0.7468320727348328,1
clip_zeroshot_simple,-1,0,26Ax40_bad.png,0,0.7560780644416809,1
clip_zeroshot_simple,-1,0,26Bx40_bad.png,0,0.7471020221710205,1
clip_zeroshot_simple,-1,0,26Cx40_bad.png,0,0.6868617534637451,1
clip_zeroshot_simple,-1,0,26Dx40_bad.png,0,0.7621434330940247,1
clip_zeroshot_simple,-1,0,26Ex40_bad.png,0,0.7702380418777466,1
clip_zeroshot_simple,-1,0,26Fx40_bad.png,0,0.8013331890106201,1
clip_zeroshot_simple,-1,0,26Hx40_bad.png,0,0.7341281175613403,1
clip_zeroshot_simple,-1,0,26Jx40_bad.png,0,0.7488114237785339,1
clip_zeroshot_simple,-1,0,28Ax40_good.png,1,0.6956761479377747,1
clip_zeroshot_simple,-1,0,28Bx40_good.png,1,0.7348188161849976,1
clip_zeroshot_simple,-1,0,31Ax40_good.png,1,0.7370309829711914,1
clip_zeroshot_simple,-1,0,31Bx40_good.png,1,0.7490639090538025,1
clip_zeroshot_simple,-1,0,31Cx40_good.png,1,0.7350577712059021,1
clip_zeroshot_simple,-1,0,31Dx40_good.png,1,0.7200861573219299,1
clip_zeroshot_simple,-1,0,31Ex40_good.png,1,0.7071950435638428,1
clip_zeroshot_simple,-1,0,32Ax40_bad.png,0,0.738685667514801,1
clip_zeroshot_simple,-1,0,32Bx40_bad.png,0,0.7391386032104492,1
clip_zeroshot_simple,-1,0,32Cx40_bad.png,0,0.7525574564933777,1
clip_zeroshot_simple,-1,0,32Dx40_bad.png,0,0.7451919317245483,1
clip_zeroshot_simple,-1,0,32Fx40_bad.png,0,0.6718432307243347,1
clip_zeroshot_simple,-1,0,32Jx40_bad.png,0,0.7275022864341736,1
clip_zeroshot_simple,-1,0,39down1x40_bad.png,0,0.7610504627227783,1
clip_zeroshot_simple,-1,0,39down2x40_bad.png,0,0.6989438533782959,1
clip_zeroshot_simple,-1,0,39down3x40_bad.png,0,0.7796670794487,1
clip_zeroshot_simple,-1,0,39down4x40_bad.png,0,0.770416259765625,1
clip_zeroshot_simple,-1,0,39down5x40_bad.png,0,0.6758773922920227,1
clip_zeroshot_simple,-1,0,39up1x40_bad.png,0,0.7774441242218018,1
clip_zeroshot_simple,-1,0,3x40_good.png,1,0.7824128270149231,1
clip_zeroshot_simple,-1,0,3x40b_good.png,1,0.7310330867767334,1
clip_zeroshot_simple,-1,0,41Ax40_good.png,1,0.6930856108665466,1
clip_zeroshot_simple,-1,0,41Bx40_good.png,1,0.7703827619552612,1
clip_zeroshot_simple,-1,0,41Cx40_good.png,1,0.7257100939750671,1
clip_zeroshot_simple,-1,0,44Ax40_bad.png,0,0.7262330055236816,1
clip_zeroshot_simple,-1,0,44Dx40_bad.png,0,0.6727748513221741,1
clip_zeroshot_simple,-1,0,44Ex40_bad.png,0,0.6195081472396851,1
clip_zeroshot_simple,-1,0,44Fx40_bad.png,0,0.7406355738639832,1
clip_zeroshot_simple,-1,0,44Hx40_bad.png,0,0.7653145790100098,1
clip_zeroshot_simple,-1,0,44Ix40_bad.png,0,0.750480592250824,1
clip_zeroshot_simple,-1,0,44Jx40_bad.png,0,0.6982100605964661,1
clip_zeroshot_simple,-1,0,44Kx40_bad.png,0,0.6520718336105347,1
clip_zeroshot_simple,-1,0,47Ax40_bad.png,0,0.7012525200843811,1
clip_zeroshot_simple,-1,0,47Bx40_bad.png,0,0.7239968180656433,1
clip_zeroshot_simple,-1,0,47Cx40_bad.png,0,0.7349265813827515,1
clip_zeroshot_simple,-1,0,47Dx40_bad.png,0,0.7433052062988281,1
clip_zeroshot_simple,-1,0,47Ex40_bad.png,0,0.7390856146812439,1
clip_zeroshot_simple,-1,0,47Fx40_bad.png,0,0.6889946460723877,1
clip_zeroshot_simple,-1,0,47Jx40_bad.png,0,0.7521324157714844,1
clip_zeroshot_simple,-1,0,48Ax40_bad.png,0,0.6690353155136108,1
clip_zeroshot_simple,-1,0,48Bx40_bad.png,0,0.7072293758392334,1
clip_zeroshot_simple,-1,0,48Cx40_bad.png,0,0.74107825756073,1
clip_zeroshot_simple,-1,0,48Dx40_bad.png,0,0.6576780080795288,1
clip_zeroshot_simple,-1,0,48Ex40_bad.png,0,0.696402907371521,1
clip_zeroshot_simple,-1,0,48Fx40_bad.png,0,0.7176998853683472,1
clip_zeroshot_simple,-1,0,49x40_good.png,1,0.7218320369720459,1
clip_zeroshot_simple,-1,0,4x40a_good.png,1,0.7359805107116699,1
clip_zeroshot_simple,-1,0,4x40b_good.png,1,0.7015761137008667,1
clip_zeroshot_simple,-1,0,50Ax40_good.png,1,0.6861893534660339,1
clip_zeroshot_simple,-1,0,50Bx40_good.png,1,0.7767661809921265,1
clip_zeroshot_simple,-1,0,50Cx40_good.png,1,0.7291786074638367,1
clip_zeroshot_simple,-1,0,50Dx40_good.png,1,0.746359646320343,1
clip_zeroshot_simple,-1,0,50Ex40_good.png,1,0.7449195981025696,1
clip_zeroshot_simple,-1,0,50Fx40_good.png,1,0.7177447080612183,1
clip_zeroshot_simple,-1,0,5x40a_good.png,1,0.7243496179580688,1
clip_zeroshot_simple,-1,0,5x40b_good.png,1,0.7552063465118408,1
clip_zeroshot_simple,-1,0,5x40c_good.png,1,0.8199085593223572,1
clip_zeroshot_simple,-1,0,60Bx40_good.png,1,0.7454841136932373,1
clip_zeroshot_simple,-1,0,60x40_good.png,1,0.7086691856384277,1
clip_zeroshot_simple,-1,0,64Ax40_good.png,1,0.7681069374084473,1
clip_zeroshot_simple,-1,0,64Bx40_good.png,1,0.7957576513290405,1
clip_zeroshot_simple,-1,0,64Cx40_good.png,1,0.7969979047775269,1
clip_zeroshot_simple,-1,0,65Ax40_good.png,1,0.8092795014381409,1
clip_zeroshot_simple,-1,0,65Bx40_good.png,1,0.7713410258293152,1
clip_zeroshot_simple,-1,0,65Cx40_good.png,1,0.7908415198326111,1
clip_zeroshot_simple,-1,0,65Dx40_good.png,1,0.7974489331245422,1
clip_zeroshot_simple,-1,0,65Ex40_good.png,1,0.7732099890708923,1
clip_zeroshot_simple,-1,0,66Ax40_good.png,1,0.7882548570632935,1
clip_zeroshot_simple,-1,0,66Bx40_good.png,1,0.7933499813079834,1
clip_zeroshot_simple,-1,0,66Cx40_good.png,1,0.7511489987373352,1
clip_zeroshot_simple,-1,0,66Dx40_good.png,1,0.7329025864601135,1
clip_zeroshot_simple,-1,0,66Ex40_good.png,1,0.7284175753593445,1
clip_zeroshot_simple,-1,0,66Fx40_good.png,1,0.7472602128982544,1
clip_zeroshot_simple,-1,0,66Hx40_good.png,1,0.4696803689002991,0
clip_zeroshot_simple,-1,0,66Ix40_good.png,1,0.6806668043136597,1
clip_zeroshot_simple,-1,0,66Jx40_good.png,1,0.6978579163551331,1
clip_zeroshot_simple,-1,0,67Ax40_good.png,1,0.818757176399231,1
clip_zeroshot_simple,-1,0,67Bx40_good.png,1,0.7121344804763794,1
clip_zeroshot_simple,-1,0,67Cx40_good.png,1,0.5336305499076843,1
clip_zeroshot_simple,-1,0,67Dx40_good.png,1,0.728627622127533,1
clip_zeroshot_simple,-1,0,68Ax40_good.png,1,0.7829821705818176,1
clip_zeroshot_simple,-1,0,68Bx40_good.png,1,0.8026295900344849,1
clip_zeroshot_simple,-1,0,68Cx40_good.png,1,0.8056079745292664,1
clip_zeroshot_simple,-1,0,69Ax40_good.png,1,0.7859051823616028,1
clip_zeroshot_simple,-1,0,69Bx40_good.png,1,0.7910976409912109,1
clip_zeroshot_simple,-1,0,69Cx40_good.png,1,0.7937861084938049,1
clip_zeroshot_simple,-1,0,69Dx40_good.png,1,0.7403874397277832,1
clip_zeroshot_simple,-1,0,69Ex40_good.png,1,0.7621606588363647,1
clip_zeroshot_simple,-1,0,69Fx40_good.png,1,0.5374155044555664,1
clip_zeroshot_simple,-1,0,69Hx40_good.png,1,0.6656475067138672,1
clip_zeroshot_simple,-1,0,69Jx40_good.png,1,0.5524189472198486,1
clip_zeroshot_simple,-1,0,69Kx40_good.png,1,0.7223556637763977,1
clip_zeroshot_simple,-1,0,74Ax40_bad.png,0,0.6552528738975525,1
clip_zeroshot_simple,-1,0,74Bx40_bad.png,0,0.7642189860343933,1
clip_zeroshot_simple,-1,0,74Cx40_bad.png,0,0.7333328723907471,1
clip_zeroshot_simple,-1,0,74Dx40_bad.png,0,0.7475669980049133,1
clip_zeroshot_simple,-1,0,74Ex40_bad.png,0,0.7059082388877869,1
clip_zeroshot_simple,-1,0,74Fx40_bad.png,0,0.690780758857727,1
clip_zeroshot_simple,-1,0,75Bx40_bad.png,0,0.6172332763671875,1
clip_zeroshot_simple,-1,0,75Cx40_bad.png,0,0.6885232329368591,1
clip_zeroshot_simple,-1,0,75Dx40_bad.png,0,0.7137485146522522,1
clip_zeroshot_simple,-1,0,75Ex40_bad.png,0,0.6533749103546143,1
clip_zeroshot_simple,-1,0,75Fx40_bad.png,0,0.6725279092788696,1
clip_zeroshot_simple,-1,0,76x40_good.png,1,0.7557271718978882,1
clip_zeroshot_simple,-1,0,77x40_good.png,1,0.7223747968673706,1
clip_zeroshot_simple,-1,0,78x40_good.png,1,0.7548352479934692,1
clip_zeroshot_simple,-1,0,79x40_good.png,1,0.7466874122619629,1
clip_zeroshot_simple,-1,0,80x40_bad.png,0,0.7711306214332581,1
clip_zeroshot_simple,-1,0,81x40_good.png,1,0.7280234694480896,1
clip_zeroshot_simple,-1,0,82Ax40_bad.png,0,0.6823034286499023,1
clip_zeroshot_simple,-1,0,82Bx40_bad.png,0,0.7005491852760315,1
clip_zeroshot_simple,-1,0,82Cx40_bad.png,0,0.6684370040893555,1
clip_zeroshot_simple,-1,0,82Dx40_bad.png,0,0.6110579371452332,1
clip_zeroshot_simple,-1,0,82Ex40_bad.png,0,0.6181705594062805,1
clip_zeroshot_simple,-1,0,83Ax40_bad.png,0,0.6717360019683838,1
clip_zeroshot_simple,-1,0,83Bx40_bad.png,0,0.645620584487915,1
clip_zeroshot_simple,-1,0,83Cx40_bad.png,0,0.6700253486633301,1
clip_zeroshot_simple,-1,0,83Dx40_bad.png,0,0.7099096179008484,1
clip_zeroshot_simple,-1,0,83Ex40_bad.png,0,0.7099890112876892,1
clip_zeroshot_simple,-1,0,84Ax40_bad.png,0,0.7234121561050415,1
clip_zeroshot_simple,-1,0,84Bx40_bad.png,0,0.7862809896469116,1
clip_zeroshot_simple,-1,0,84Cx40_bad.png,0,0.7765001654624939,1
clip_zeroshot_simple,-1,0,84Dx40_bad.png,0,0.7586552500724792,1
clip_zeroshot_simple,-1,0,84Ex40_bad.png,0,0.7610008120536804,1
clip_zeroshot_simple,-1,0,84Fx40_bad.png,0,0.7314413189888,1
clip_zeroshot_simple,-1,0,84Hx40_bad.png,0,0.7031248211860657,1
clip_zeroshot_simple,-1,0,84Ix40_bad.png,0,0.730910062789917,1
clip_zeroshot_simple,-1,0,84Jx40_bad.png,0,0.6805544495582581,1
clip_zeroshot_simple,-1,0,84Kx40_bad.png,0,0.7042832970619202,1
clip_zeroshot_simple,-1,0,84Lx40_bad.png,0,0.7595638036727905,1
clip_zeroshot_simple,-1,0,84Mx40_bad.png,0,0.7450442314147949,1
clip_zeroshot_simple,-1,0,84Nx40_bad.png,0,0.6956809759140015,1
clip_zeroshot_simple,-1,0,84Ox40_bad.png,0,0.675075113773346,1
clip_zeroshot_simple,-1,0,84Px40_bad.png,0,0.7572555541992188,1
clip_zeroshot_simple,-1,0,84Qx40_bad.png,0,0.6780343055725098,1
clip_zeroshot_simple,-1,0,84Rx40_bad.png,0,0.6674817800521851,1
clip_zeroshot_simple,-1,0,84Sx40_bad.png,0,0.6524071097373962,1
clip_zeroshot_simple,-1,0,84Tx40_bad.png,0,0.6165336966514587,1
clip_zeroshot_simple,-1,0,84Ux40_bad.png,0,0.6904563903808594,1
clip_zeroshot_simple,-1,0,84Vx40_bad.png,0,0.6245427131652832,1
clip_zeroshot_simple,-1,0,84Wx40_bad.png,0,0.6959995031356812,1
clip_zeroshot_simple,-1,0,84Xx40_bad.png,0,0.71446692943573,1
clip_zeroshot_simple,-1,0,85Ax40_bad.png,0,0.6187768578529358,1
clip_zeroshot_simple,-1,0,85Bx40_bad.png,0,0.7649296522140503,1
clip_zeroshot_simple,-1,0,85Cx40_bad.png,0,0.6758519411087036,1
clip_zeroshot_simple,-1,0,85Dx40_bad.png,0,0.6822388768196106,1
clip_zeroshot_simple,-1,0,85Ex40_bad.png,0,0.6966597437858582,1
clip_zeroshot_simple,-1,0,85Fx40_bad.png,0,0.7520022988319397,1
clip_zeroshot_simple,-1,0,85Hx40_bad.png,0,0.6528248190879822,1
clip_zeroshot_simple,-1,0,85Ix40_bad.png,0,0.6673102974891663,1
clip_zeroshot_simple,-1,0,85Jx40_bad.png,0,0.7127124071121216,1
clip_zeroshot_simple,-1,0,85Kx40_bad.png,0,0.6673102974891663,1
clip_zeroshot_simple,-1,0,85Lx40_bad.png,0,0.670130729675293,1
clip_zeroshot_simple,-1,0,85Mx40_bad.png,0,0.7838602066040039,1
clip_zeroshot_simple,-1,0,85Nx40_bad.png,0,0.7100054621696472,1
clip_zeroshot_simple,-1,0,85Ox40_bad.png,0,0.7220005393028259,1
clip_zeroshot_simple,-1,0,85Px40_bad.png,0,0.7521882653236389,1
clip_zeroshot_simple,-1,0,85Qx40_bad.png,0,0.7443363666534424,1
clip_zeroshot_simple,-1,0,86Ax40_bad.png,0,0.6773235201835632,1
clip_zeroshot_simple,-1,0,86Bx40_bad.png,0,0.7206394672393799,1
clip_zeroshot_simple,-1,0,86Cx40_bad.png,0,0.7436999082565308,1
clip_zeroshot_simple,-1,0,86Dx40_bad.png,0,0.704688310623169,1
clip_zeroshot_simple,-1,0,86Ex40_bad.png,0,0.7591807842254639,1
clip_zeroshot_simple,-1,0,86Fx40_bad.png,0,0.7145980596542358,1
clip_zeroshot_simple,-1,0,88Dx40_bad.png,0,0.6000899076461792,1
clip_zeroshot_simple,-1,0,88Ex40_bad.png,0,0.6165751814842224,1
clip_zeroshot_simple,-1,0,88Fx40_bad.png,0,0.5984643697738647,1
clip_zeroshot_simple,-1,0,88Gx40_bad.png,0,0.6578888297080994,1
clip_zeroshot_simple,-1,0,88Hx40_bad.png,0,0.6345348954200745,1
clip_zeroshot_simple,-1,0,90Ax40_good.png,1,0.786898672580719,1
clip_zeroshot_simple,-1,0,90Bx40_good.png,1,0.7077504396438599,1
clip_zeroshot_simple,-1,0,90Cx40_good.png,1,0.7187386155128479,1
clip_zeroshot_simple,-1,0,90Dx40_good.png,1,0.7401754260063171,1
clip_zeroshot_simple,-1,0,90Ex40_good.png,1,0.7117553949356079,1
clip_zeroshot_simple,-1,0,90Fx40_good.png,1,0.7548426389694214,1
clip_zeroshot_simple,-1,0,90Gx40_good.png,1,0.7333858609199524,1
clip_zeroshot_simple,-1,0,91Ax40_good.png,1,0.6984005570411682,1
clip_zeroshot_simple,-1,0,91Bx40_good.png,1,0.7030969858169556,1
clip_zeroshot_simple,-1,0,92Ax40_good.png,1,0.7028289437294006,1
clip_zeroshot_simple,-1,0,92Bx40_good.png,1,0.7039983868598938,1
clip_zeroshot_simple,-1,0,93Ax40_good.png,1,0.7635760307312012,1
clip_zeroshot_simple,-1,0,93Bx40_good.png,1,0.769315242767334,1
clip_zeroshot_simple,-1,0,94Ax40_good.png,1,0.7749315500259399,1
clip_zeroshot_simple,-1,0,94Bx40_good.png,1,0.7541837692260742,1
clip_zeroshot_simple,-1,0,94Cx40_good.png,1,0.7461617588996887,1
clip_zeroshot_simple,-1,0,94Dx40_good.png,1,0.7791256308555603,1
clip_zeroshot_simple,-1,0,94Ex40_good.png,1,0.7114226818084717,1
clip_zeroshot_simple,-1,0,94Fx40_good.png,1,0.7750755548477173,1
clip_zeroshot_simple,-1,0,94Gx40_good.png,1,0.7273858785629272,1
clip_zeroshot_simple,-1,0,94Hx40_good.png,1,0.7220660448074341,1
clip_zeroshot_simple,-1,0,94Ix40_good.png,1,0.723940372467041,1
clip_zeroshot_simple,-1,0,94Jx40_good.png,1,0.6970831751823425,1
clip_zeroshot_simple,-1,0,94Kx40_good.png,1,0.40888330340385437,0
clip_zeroshot_simple,-1,0,95Ax40_good.png,1,0.7087695598602295,1
clip_zeroshot_simple,-1,0,95Bx40_good.png,1,0.7757432460784912,1
clip_zeroshot_simple,-1,0,95Cx40_good.png,1,0.7040123343467712,1
clip_zeroshot_simple,-1,0,95Dx40_good.png,1,0.7467154860496521,1
clip_zeroshot_simple,-1,0,95Ex40_good.png,1,0.7395139336585999,1
clip_zeroshot_simple,-1,0,95Fx40_good.png,1,0.776548445224762,1
clip_zeroshot_simple,-1,0,95Gx40_good.png,1,0.7779836058616638,1
clip_zeroshot_simple,-1,0,95Hx40_good.png,1,0.7757779955863953,1
clip_zeroshot_simple,-1,0,96Ax40_good.png,1,0.7290897965431213,1
clip_zeroshot_simple,-1,0,96Bx40_good.png,1,0.7454066872596741,1
clip_zeroshot_simple,-1,0,96Cx40_good.png,1,0.7720402479171753,1
clip_zeroshot_simple,-1,0,98Ax40_bad.png,0,0.7302045822143555,1
clip_zeroshot_simple,-1,0,98Bx40_bad.png,0,0.7500313520431519,1
clip_zeroshot_simple,-1,0,98Cx40_bad.png,0,0.7691395282745361,1
clip_zeroshot_simple,-1,0,98Dx40_bad.png,0,0.7468222975730896,1
clip_zeroshot_simple,-1,0,98Ex40_bad.png,0,0.7827484607696533,1
clip_zeroshot_simple,-1,0,98Fx40_bad.png,0,0.7708045840263367,1
clip_zeroshot_simple,-1,0,98Gx40_bad.png,0,0.7018476128578186,1
clip_zeroshot_simple,-1,0,98Hx40_bad.png,0,0.7570531964302063,1
clip_zeroshot_simple,-1,0,99Ax40_good.png,1,0.7358759641647339,1
clip_zeroshot_simple,-1,0,99Bx40_good.png,1,0.7407780885696411,1
clip_zeroshot_simple,-1,0,99Cx40_good.png,1,0.6571840047836304,1
clip_zeroshot_simple,-1,0,99Ex40_good.png,1,0.7117182612419128,1
clip_zeroshot_simple,-1,0,99Fx40_good.png,1,0.7163681983947754,1
clip_zeroshot_simple,-1,0,99Gx40_good.png,1,0.7012901306152344,1
clip_zeroshot_simple,-1,0,99Hx40_good.png,1,0.7169325351715088,1
clip_zeroshot_simple,-1,0,99Ix40_good.png,1,0.7169325351715088,1
clip_zeroshot_simple,-1,0,99Nx40_good.png,1,0.7414079308509827,1
clip_zeroshot_simple,-1,0,99Qx40_good.png,1,0.7609807252883911,1
